codice;voce;aggregato;domestica;supercore;peso_hicpx_2026;quota_import
013000;Services for processing primary goods for food and non-alcoholic beverages;Services;1;0;0.0;9.2
022000;Alcohol production services;Services;1;0;0.0;9.2
031100;Clothing materials;NEIG;0;0;0.0;72.8
031200;Garments;NEIG;0;0;5.1;55.9
031300;Other articles of clothing and clothing accessories;NEIG;0;0;0.2;43.8
031400;Cleaning, repair, tailoring and hire of clothing;Services;1;1;0.1;5.4
032100;Shoes and other footwear;NEIG;0;0;1.2;44.1
032200;Cleaning, repair and hire of footwear;Services;1;1;0.0;5.8
041100;Actual rental payments made by tenants for main residence;Services;1;0;7.8;2.6
041200;Other actual rental payments;Services;1;0;0.4;2.6
042100;Imputed rental payments of owner-occupiers for their main residence;Services;1;0;0.0;2.6
042200;Other imputed rentals;Services;1;0;0.0;2.6
043100;Security equipment and materials for dwelling maintenance and repair;NEIG;0;1;0.6;36.1
043200;Services for the maintenance, repair and security of the dwelling;Services;1;1;1.2;10.9
044100;Water supply;NEIG;1;0;0.6;6.2
044200;Refuse collection;Services;1;0;0.6;7.3
044300;Sewage collection;Services;1;0;0.6;7.3
044400;Other services related to the dwelling;Services;1;0;1.4;4.4
051100;Furniture, furnishings and loose carpets;NEIG;0;1;2.6;37.0
051200;Repair, installation and hire of furniture, furnishings and loose carpets;Services;1;1;0.1;6.8
052100;Household textiles;NEIG;0;0;0.5;36.0
052200;Repair, hire and sewing services of household textiles;Services;1;0;0.0;5.8
053100;Major electric and other household appliances;NEIG;0;1;0.9;32.9
053200;Small household appliances;NEIG;0;1;0.4;38.7
053300;Repair, installation and hire of household appliances;Services;1;0;0.1;10.3
054000;Glassware, tableware and household utensils;NEIG;0;1;0.6;31.7
055100;Motorized tools and equipment;NEIG;0;0;0.2;34.5
055200;Non-motorized tools and miscellaneous accessories;NEIG;0;1;0.4;38.9
055300;Repair and hire of motorized and non-motorized tools and equipment;Services;1;0;0.0;10.0
056100;Non-durable household goods;NEIG;0;1;1.2;33.9
056200;Domestic services and household services;Services;1;1;1.1;5.8
061100;Medicines;NEIG;0;0;1.5;32.5
061200;Medical products;NEIG;0;0;0.5;29.8
061300;Assistive products;NEIG;0;0;0.9;25.8
061400;Repair, rental and maintenance of medical and assistive products;Services;1;0;0.0;10.1
062100;Preventive care services;Services;1;0;0.5;3.9
062200;Outpatient dental services;Services;1;0;1.4;4.2
062300;Other outpatient care services;Services;1;0;1.4;4.1
063100;Inpatient curative and rehabilitative services;Services;1;0;0.9;3.9
063200;Inpatient long-term care services;Services;1;0;0.9;3.9
064100;Diagnostic imaging services and medical laboratory services;Services;1;0;0.2;4.2
064200;Patient emergency transportation and emergency rescue services;Services;1;0;0.0;8.8
071100;Motor cars;NEIG;0;0;5.1;37.0
071200;Motorcycles;NEIG;0;0;0.3;41.4
071300;Bicycles;NEIG;0;0;0.4;41.4
071400;Animal-drawn vehicles;NEIG;0;0;0.0;40.4
072100;Parts and accessories for personal transport equipment;NEIG;0;1;1.6;37.3
072300;Maintenance and repair of personal transport equipment;Services;1;1;2.7;9.9
072400;Other services related to personal transport equipment;Services;1;1;1.7;5.1
073100;Passenger transport by railway;Services;0;0;0.8;13.2
073200;Passenger transport by road;Services;0;0;0.7;13.2
073300;Passenger transport by air;Services;0;0;1.3;12.4
073400;Passenger transport by sea and inland waterway;Services;0;0;0.1;31.9
073500;Combined passenger transport;Services;0;0;0.7;13.2
073600;Other passenger transport services;Services;0;0;0.0;14.3
074100;Postal and courier services;Services;0;0;0.2;23.2
074900;Other transport of goods;Services;0;1;0.3;26.0
081100;Fixed telephone equipment;NEIG;0;0;0.0;52.1
081200;Mobile telephone equipment;NEIG;0;0;0.5;55.6
081300;Information processing equipment;NEIG;0;0;0.7;39.2
081400;Equipment for the reception, recording and reproduction of sound and vision;NEIG;0;0;0.5;47.8
081500;Unrecorded recording media;NEIG;0;0;0.0;40.2
081900;Other information and communication equipment and accessories;NEIG;0;0;0.2;38.4
082000;Software, excluding games;Services;0;0;0.1;15.5
083100;Fixed communication services;Services;1;0;0.1;8.5
083200;Mobile communication services;Services;1;0;1.0;8.5
083300;Internet access provision services and online storage services;Services;1;0;0.4;11.5
083400;Bundled telecommunication services;Services;1;0;1.2;11.4
083500;Repair and rental of information and communication equipment;Services;0;0;0.0;15.8
083900;Other information and communication services;Services;1;0;0.6;11.9
091100;Photographic and cinematographic equipment and optical instruments;NEIG;0;0;0.2;38.7
091200;Major recreational durables;NEIG;0;0;0.4;36.5
092100;Games, toys and hobby-related articles;NEIG;0;0;0.7;32.1
092200;Sporting, camping and open-air recreation equipment;NEIG;0;0;0.5;40.7
093100;Garden products, plants and flowers;NEIG;0;0;0.8;31.8
093200;Pets and pet products;NEIG;0;1;0.9;34.2
094100;Hire and repair of photographic and cinematographic equipment and optical instruments;Services;0;0;0.0;15.8
094200;Hire, maintenance and repair of major recreational durables;Services;1;0;0.1;10.1
094300;Hire and repair of games, toys and hobby-related articles;Services;0;0;0.0;23.0
094400;Hire and repair of sporting, camping and open-air recreational equipment;Services;0;0;0.1;15.8
094500;Veterinary and other services for pets;Services;1;1;0.4;10.1
094600;Recreational and sporting services;Services;1;1;1.7;8.6
094700;Games of chance;Services;1;0;1.4;6.6
095100;Musical instruments;NEIG;0;0;0.1;42.2
095200;Audiovisual media;NEIG;0;0;0.1;25.6
096100;Services provided by cinemas, theatres and concert venues;Services;0;0;0.8;15.9
096200;Services provided by museums, libraries and cultural sites;Services;0;0;0.2;18.7
096300;Photographic services;Services;0;0;0.1;23.3
096900;Other cultural services;Services;0;0;0.2;13.6
097100;Books;NEIG;0;0;0.5;23.4
097200;Newspapers and periodicals;NEIG;0;0;0.5;21.6
097300;Miscellaneous printed matter;NEIG;0;0;0.2;28.2
097400;Stationery and drawing materials;NEIG;0;1;0.3;34.1
098000;Package holidays;Services;0;0;1.8;30.4
101000;Early childhood and primary education;Services;1;0;0.4;2.3
102000;Secondary education;Services;1;1;0.2;2.3
103000;Post-secondary non-tertiary education;Services;1;1;0.0;2.3
104000;Tertiary education;Services;1;1;0.5;2.3
105000;Education not defined by level;Services;1;0;0.4;2.3
111100;Restaurants, cafés and the like;Services;1;1;11.9;9.6
111200;Canteens, cafeterias and refectories;Services;1;1;0.8;7.2
112000;Accommodation services;Services;1;0;3.4;4.5
121100;Life and accident insurance;Services;1;0;0.2;8.1
121200;Insurance connected with health;Services;1;0;0.8;8.1
121300;Insurance connected with dwellings;Services;1;0;0.4;8.1
121400;Insurance connected with transport;Services;1;0;1.1;8.1
121900;Other insurance;Services;1;0;0.3;8.1
122100;Financial intermediation services indirectly measured;Services;0;0;0.0;23.6
122200;Explicit charges by deposit-taking corporations;Services;0;0;1.3;19.2
122900;Other financial services;Services;0;0;0.1;13.9
131100;Electric appliances for personal care;NEIG;0;0;0.1;35.1
131200;Other appliances, articles and products for personal care;NEIG;0;1;2.1;32.7
131300;Hairdressing salons and personal grooming establishments;Services;1;1;1.8;4.7
132100;Jewellery and watches;NEIG;0;1;0.7;35.5
132200;Devotional articles and articles for religious and ritual celebrations;NEIG;0;0;0.0;32.1
132900;Other personal effects n.e.c.;NEIG;0;1;0.6;39.6
133000;Social protection;Services;1;0;1.7;3.2
139000;Other services;Services;1;0;2.1;8.5
