area,misura,freq,periodo,valore,tipo,fonte
DE,compensation_per_employee,Q,2000Q1,7366.823416776955,livello,Eurostat namq_10_a10 D1 / namq_10_a10_e SAL_DC
DE,compensation_per_employee,Q,2000Q2,7615.800624442462,livello,Eurostat namq_10_a10 D1 / namq_10_a10_e SAL_DC
DE,compensation_per_employee,Q,2000Q3,7803.3176665745095,livello,Eurostat namq_10_a10 D1 / namq_10_a10_e SAL_DC
DE,compensation_per_employee,Q,2000Q4,8749.318125464913,livello,Eurostat namq_10_a10 D1 / namq_10_a10_e SAL_DC
DE,compensation_per_employee,Q,2001Q1,7541.026001405481,livello,Eurostat namq_10_a10 D1 / namq_10_a10_e SAL_DC
DE,compensation_per_employee,Q,2001Q2,7774.815560026828,livello,Eurostat namq_10_a10 D1 / namq_10_a10_e SAL_DC
DE,compensation_per_employee,Q,2001Q3,7927.708495713172,livello,Eurostat namq_10_a10 D1 / namq_10_a10_e SAL_DC
DE,compensation_per_employee,Q,2001Q4,8901.125713968835,livello,Eurostat namq_10_a10 D1 / namq_10_a10_e SAL_DC
DE,compensation_per_employee,Q,2002Q1,7631.26427705237,livello,Eurostat namq_10_a10 D1 / namq_10_a10_e SAL_DC
DE,compensation_per_employee,Q,2002Q2,7862.000224618149,livello,Eurostat namq_10_a10 D1 / namq_10_a10_e SAL_DC
DE,compensation_per_employee,Q,2002Q3,8068.222570884231,livello,Eurostat namq_10_a10 D1 / namq_10_a10_e SAL_DC
DE,compensation_per_employee,Q,2002Q4,9016.367713004485,livello,Eurostat namq_10_a10 D1 / namq_10_a10_e SAL_DC
DE,compensation_per_employee,Q,2003Q1,7800.962116656645,livello,Eurostat namq_10_a10 D1 / namq_10_a10_e SAL_DC
DE,compensation_per_employee,Q,2003Q2,8046.535559112737,livello,Eurostat namq_10_a10 D1 / namq_10_a10_e SAL_DC
DE,compensation_per_employee,Q,2003Q3,8229.687899355351,livello,Eurostat namq_10_a10 D1 / namq_10_a10_e SAL_DC
DE,compensation_per_employee,Q,2003Q4,9122.310914855072,livello,Eurostat namq_10_a10 D1 / namq_10_a10_e SAL_DC
DE,compensation_per_employee,Q,2004Q1,7910.701446607805,livello,Eurostat namq_10_a10 D1 / namq_10_a10_e SAL_DC
DE,compensation_per_employee,Q,2004Q2,8104.634591266674,livello,Eurostat namq_10_a10 D1 / namq_10_a10_e SAL_DC
DE,compensation_per_employee,Q,2004Q3,8217.235901509135,livello,Eurostat namq_10_a10 D1 / namq_10_a10_e SAL_DC
DE,compensation_per_employee,Q,2004Q4,9110.526166822337,livello,Eurostat namq_10_a10 D1 / namq_10_a10_e SAL_DC
DE,compensation_per_employee,Q,2005Q1,7943.581286346672,livello,Eurostat namq_10_a10 D1 / namq_10_a10_e SAL_DC
DE,compensation_per_employee,Q,2005Q2,8152.972631094757,livello,Eurostat namq_10_a10 D1 / namq_10_a10_e SAL_DC
DE,compensation_per_employee,Q,2005Q3,8221.930924427219,livello,Eurostat namq_10_a10 D1 / namq_10_a10_e SAL_DC
DE,compensation_per_employee,Q,2005Q4,9109.135690626505,livello,Eurostat namq_10_a10 D1 / namq_10_a10_e SAL_DC
DE,compensation_per_employee,Q,2006Q1,8014.94785631518,livello,Eurostat namq_10_a10 D1 / namq_10_a10_e SAL_DC
DE,compensation_per_employee,Q,2006Q2,8240.239897186919,livello,Eurostat namq_10_a10 D1 / namq_10_a10_e SAL_DC
DE,compensation_per_employee,Q,2006Q3,8348.576748384912,livello,Eurostat namq_10_a10 D1 / namq_10_a10_e SAL_DC
DE,compensation_per_employee,Q,2006Q4,9219.732825496401,livello,Eurostat namq_10_a10 D1 / namq_10_a10_e SAL_DC
DE,compensation_per_employee,Q,2007Q1,8083.654828094859,livello,Eurostat namq_10_a10 D1 / namq_10_a10_e SAL_DC
DE,compensation_per_employee,Q,2007Q2,8337.827988338193,livello,Eurostat namq_10_a10 D1 / namq_10_a10_e SAL_DC
DE,compensation_per_employee,Q,2007Q3,8407.8443346472,livello,Eurostat namq_10_a10 D1 / namq_10_a10_e SAL_DC
DE,compensation_per_employee,Q,2007Q4,9331.395669182875,livello,Eurostat namq_10_a10 D1 / namq_10_a10_e SAL_DC
DE,compensation_per_employee,Q,2008Q1,8243.742169010164,livello,Eurostat namq_10_a10 D1 / namq_10_a10_e SAL_DC
DE,compensation_per_employee,Q,2008Q2,8545.991281796612,livello,Eurostat namq_10_a10 D1 / namq_10_a10_e SAL_DC
DE,compensation_per_employee,Q,2008Q3,8603.976915292253,livello,Eurostat namq_10_a10 D1 / namq_10_a10_e SAL_DC
DE,compensation_per_employee,Q,2008Q4,9555.555555555555,livello,Eurostat namq_10_a10 D1 / namq_10_a10_e SAL_DC
DE,compensation_per_employee,Q,2009Q1,8333.149018523638,livello,Eurostat namq_10_a10 D1 / namq_10_a10_e SAL_DC
DE,compensation_per_employee,Q,2009Q2,8563.363231167117,livello,Eurostat namq_10_a10 D1 / namq_10_a10_e SAL_DC
DE,compensation_per_employee,Q,2009Q3,8649.705439101246,livello,Eurostat namq_10_a10 D1 / namq_10_a10_e SAL_DC
DE,compensation_per_employee,Q,2009Q4,9567.69226569112,livello,Eurostat namq_10_a10 D1 / namq_10_a10_e SAL_DC
DE,compensation_per_employee,Q,2010Q1,8516.269522039445,livello,Eurostat namq_10_a10 D1 / namq_10_a10_e SAL_DC
DE,compensation_per_employee,Q,2010Q2,8789.975610424488,livello,Eurostat namq_10_a10 D1 / namq_10_a10_e SAL_DC
DE,compensation_per_employee,Q,2010Q3,8858.51364575405,livello,Eurostat namq_10_a10 D1 / namq_10_a10_e SAL_DC
DE,compensation_per_employee,Q,2010Q4,9823.985728572588,livello,Eurostat namq_10_a10 D1 / namq_10_a10_e SAL_DC
DE,compensation_per_employee,Q,2011Q1,8772.606492261333,livello,Eurostat namq_10_a10 D1 / namq_10_a10_e SAL_DC
DE,compensation_per_employee,Q,2011Q2,9099.53440528396,livello,Eurostat namq_10_a10 D1 / namq_10_a10_e SAL_DC
DE,compensation_per_employee,Q,2011Q3,9113.247576335365,livello,Eurostat namq_10_a10 D1 / namq_10_a10_e SAL_DC
DE,compensation_per_employee,Q,2011Q4,10080.0886018521,livello,Eurostat namq_10_a10 D1 / namq_10_a10_e SAL_DC
DE,compensation_per_employee,Q,2012Q1,8985.20478414644,livello,Eurostat namq_10_a10 D1 / namq_10_a10_e SAL_DC
DE,compensation_per_employee,Q,2012Q2,9353.64323285184,livello,Eurostat namq_10_a10 D1 / namq_10_a10_e SAL_DC
DE,compensation_per_employee,Q,2012Q3,9358.199459201527,livello,Eurostat namq_10_a10 D1 / namq_10_a10_e SAL_DC
DE,compensation_per_employee,Q,2012Q4,10350.387474300174,livello,Eurostat namq_10_a10 D1 / namq_10_a10_e SAL_DC
DE,compensation_per_employee,Q,2013Q1,9168.358623637529,livello,Eurostat namq_10_a10 D1 / namq_10_a10_e SAL_DC
DE,compensation_per_employee,Q,2013Q2,9529.377514291764,livello,Eurostat namq_10_a10 D1 / namq_10_a10_e SAL_DC
DE,compensation_per_employee,Q,2013Q3,9556.592366733255,livello,Eurostat namq_10_a10 D1 / namq_10_a10_e SAL_DC
DE,compensation_per_employee,Q,2013Q4,10579.511582910633,livello,Eurostat namq_10_a10 D1 / namq_10_a10_e SAL_DC
DE,compensation_per_employee,Q,2014Q1,9460.19874200539,livello,Eurostat namq_10_a10 D1 / namq_10_a10_e SAL_DC
DE,compensation_per_employee,Q,2014Q2,9803.262830400796,livello,Eurostat namq_10_a10 D1 / namq_10_a10_e SAL_DC
DE,compensation_per_employee,Q,2014Q3,9828.761602662438,livello,Eurostat namq_10_a10 D1 / namq_10_a10_e SAL_DC
DE,compensation_per_employee,Q,2014Q4,10901.429607375945,livello,Eurostat namq_10_a10 D1 / namq_10_a10_e SAL_DC
DE,compensation_per_employee,Q,2015Q1,9706.950302585734,livello,Eurostat namq_10_a10 D1 / namq_10_a10_e SAL_DC
DE,compensation_per_employee,Q,2015Q2,10110.42960662526,livello,Eurostat namq_10_a10 D1 / namq_10_a10_e SAL_DC
DE,compensation_per_employee,Q,2015Q3,10117.400688627371,livello,Eurostat namq_10_a10 D1 / namq_10_a10_e SAL_DC
DE,compensation_per_employee,Q,2015Q4,11210.907976713308,livello,Eurostat namq_10_a10 D1 / namq_10_a10_e SAL_DC
DE,compensation_per_employee,Q,2016Q1,9982.357492906887,livello,Eurostat namq_10_a10 D1 / namq_10_a10_e SAL_DC
DE,compensation_per_employee,Q,2016Q2,10314.84502446982,livello,Eurostat namq_10_a10 D1 / namq_10_a10_e SAL_DC
DE,compensation_per_employee,Q,2016Q3,10352.056701683332,livello,Eurostat namq_10_a10 D1 / namq_10_a10_e SAL_DC
DE,compensation_per_employee,Q,2016Q4,11476.833006683753,livello,Eurostat namq_10_a10 D1 / namq_10_a10_e SAL_DC
DE,compensation_per_employee,Q,2017Q1,10245.195964102824,livello,Eurostat namq_10_a10 D1 / namq_10_a10_e SAL_DC
DE,compensation_per_employee,Q,2017Q2,10609.749373433584,livello,Eurostat namq_10_a10 D1 / namq_10_a10_e SAL_DC
DE,compensation_per_employee,Q,2017Q3,10639.584940403614,livello,Eurostat namq_10_a10 D1 / namq_10_a10_e SAL_DC
DE,compensation_per_employee,Q,2017Q4,11799.604498825856,livello,Eurostat namq_10_a10 D1 / namq_10_a10_e SAL_DC
DE,compensation_per_employee,Q,2018Q1,10549.848115133707,livello,Eurostat namq_10_a10 D1 / namq_10_a10_e SAL_DC
DE,compensation_per_employee,Q,2018Q2,10932.138631433641,livello,Eurostat namq_10_a10 D1 / namq_10_a10_e SAL_DC
DE,compensation_per_employee,Q,2018Q3,11021.123309155068,livello,Eurostat namq_10_a10 D1 / namq_10_a10_e SAL_DC
DE,compensation_per_employee,Q,2018Q4,12156.993594583404,livello,Eurostat namq_10_a10 D1 / namq_10_a10_e SAL_DC
DE,compensation_per_employee,Q,2019Q1,10909.347537925278,livello,Eurostat namq_10_a10 D1 / namq_10_a10_e SAL_DC
DE,compensation_per_employee,Q,2019Q2,11312.039132656786,livello,Eurostat namq_10_a10 D1 / namq_10_a10_e SAL_DC
DE,compensation_per_employee,Q,2019Q3,11427.740481326191,livello,Eurostat namq_10_a10 D1 / namq_10_a10_e SAL_DC
DE,compensation_per_employee,Q,2019Q4,12491.74519775373,livello,Eurostat namq_10_a10 D1 / namq_10_a10_e SAL_DC
DE,compensation_per_employee,Q,2020Q1,11139.68995643815,livello,Eurostat namq_10_a10 D1 / namq_10_a10_e SAL_DC
DE,compensation_per_employee,Q,2020Q2,11037.764573000048,livello,Eurostat namq_10_a10 D1 / namq_10_a10_e SAL_DC
DE,compensation_per_employee,Q,2020Q3,11439.431790350232,livello,Eurostat namq_10_a10 D1 / namq_10_a10_e SAL_DC
DE,compensation_per_employee,Q,2020Q4,12657.858204047834,livello,Eurostat namq_10_a10 D1 / namq_10_a10_e SAL_DC
DE,compensation_per_employee,Q,2021Q1,11192.977272167638,livello,Eurostat namq_10_a10 D1 / namq_10_a10_e SAL_DC
DE,compensation_per_employee,Q,2021Q2,11568.988687174726,livello,Eurostat namq_10_a10 D1 / namq_10_a10_e SAL_DC
DE,compensation_per_employee,Q,2021Q3,11871.356223799947,livello,Eurostat namq_10_a10 D1 / namq_10_a10_e SAL_DC
DE,compensation_per_employee,Q,2021Q4,13100.021644501094,livello,Eurostat namq_10_a10 D1 / namq_10_a10_e SAL_DC
DE,compensation_per_employee,Q,2022Q1,11806.471897068783,livello,Eurostat namq_10_a10 D1 / namq_10_a10_e SAL_DC
DE,compensation_per_employee,Q,2022Q2,12052.871577027383,livello,Eurostat namq_10_a10 D1 / namq_10_a10_e SAL_DC
DE,compensation_per_employee,Q,2022Q3,12266.448390411779,livello,Eurostat namq_10_a10 D1 / namq_10_a10_e SAL_DC
DE,compensation_per_employee,Q,2022Q4,13701.852291617193,livello,Eurostat namq_10_a10 D1 / namq_10_a10_e SAL_DC
DE,compensation_per_employee,Q,2023Q1,12504.162878606632,livello,Eurostat namq_10_a10 D1 / namq_10_a10_e SAL_DC
DE,compensation_per_employee,Q,2023Q2,12834.034562266754,livello,Eurostat namq_10_a10 D1 / namq_10_a10_e SAL_DC
DE,compensation_per_employee,Q,2023Q3,13070.906848795294,livello,Eurostat namq_10_a10 D1 / namq_10_a10_e SAL_DC
DE,compensation_per_employee,Q,2023Q4,14545.611218659995,livello,Eurostat namq_10_a10 D1 / namq_10_a10_e SAL_DC
DE,compensation_per_employee,Q,2024Q1,13222.434049043204,livello,Eurostat namq_10_a10 D1 / namq_10_a10_e SAL_DC
DE,compensation_per_employee,Q,2024Q2,13516.738136416403,livello,Eurostat namq_10_a10 D1 / namq_10_a10_e SAL_DC
DE,compensation_per_employee,Q,2024Q3,13761.061946902655,livello,Eurostat namq_10_a10 D1 / namq_10_a10_e SAL_DC
DE,compensation_per_employee,Q,2024Q4,15200.235599010484,livello,Eurostat namq_10_a10 D1 / namq_10_a10_e SAL_DC
DE,compensation_per_employee,Q,2025Q1,13843.561858981986,livello,Eurostat namq_10_a10 D1 / namq_10_a10_e SAL_DC
DE,compensation_per_employee,Q,2025Q2,14180.54371507057,livello,Eurostat namq_10_a10 D1 / namq_10_a10_e SAL_DC
DE,compensation_per_employee,Q,2025Q3,14472.216303241234,livello,Eurostat namq_10_a10 D1 / namq_10_a10_e SAL_DC
DE,compensation_per_employee,Q,2025Q4,15904.782136618987,livello,Eurostat namq_10_a10 D1 / namq_10_a10_e SAL_DC
DE,compensation_per_employee,Q,2026Q1,14420.053941809676,livello,Eurostat namq_10_a10 D1 / namq_10_a10_e SAL_DC
DE,compensation_per_employee,Q,2026Q2,14786.138707990682,livello,Eurostat namq_10_a10 D1 / namq_10_a10_e SAL_DC
EA,bce_salari_negoziali,Q,2015Q1,1.35,yoy,BCE INW/Q.U2.N.INWR.000000.4F0.GY.IX
EA,bce_salari_negoziali,Q,2015Q2,1.4,yoy,BCE INW/Q.U2.N.INWR.000000.4F0.GY.IX
EA,bce_salari_negoziali,Q,2015Q3,1.44,yoy,BCE INW/Q.U2.N.INWR.000000.4F0.GY.IX
EA,bce_salari_negoziali,Q,2015Q4,1.41,yoy,BCE INW/Q.U2.N.INWR.000000.4F0.GY.IX
EA,bce_salari_negoziali,Q,2016Q1,1.3,yoy,BCE INW/Q.U2.N.INWR.000000.4F0.GY.IX
EA,bce_salari_negoziali,Q,2016Q2,1.33,yoy,BCE INW/Q.U2.N.INWR.000000.4F0.GY.IX
EA,bce_salari_negoziali,Q,2016Q3,1.42,yoy,BCE INW/Q.U2.N.INWR.000000.4F0.GY.IX
EA,bce_salari_negoziali,Q,2016Q4,1.39,yoy,BCE INW/Q.U2.N.INWR.000000.4F0.GY.IX
EA,bce_salari_negoziali,Q,2017Q1,1.53,yoy,BCE INW/Q.U2.N.INWR.000000.4F0.GY.IX
EA,bce_salari_negoziali,Q,2017Q2,1.43,yoy,BCE INW/Q.U2.N.INWR.000000.4F0.GY.IX
EA,bce_salari_negoziali,Q,2017Q3,1.44,yoy,BCE INW/Q.U2.N.INWR.000000.4F0.GY.IX
EA,bce_salari_negoziali,Q,2017Q4,1.49,yoy,BCE INW/Q.U2.N.INWR.000000.4F0.GY.IX
EA,bce_salari_negoziali,Q,2018Q1,1.77,yoy,BCE INW/Q.U2.N.INWR.000000.4F0.GY.IX
EA,bce_salari_negoziali,Q,2018Q2,2.23,yoy,BCE INW/Q.U2.N.INWR.000000.4F0.GY.IX
EA,bce_salari_negoziali,Q,2018Q3,2.14,yoy,BCE INW/Q.U2.N.INWR.000000.4F0.GY.IX
EA,bce_salari_negoziali,Q,2018Q4,2.11,yoy,BCE INW/Q.U2.N.INWR.000000.4F0.GY.IX
EA,bce_salari_negoziali,Q,2019Q1,2.25,yoy,BCE INW/Q.U2.N.INWR.000000.4F0.GY.IX
EA,bce_salari_negoziali,Q,2019Q2,1.98,yoy,BCE INW/Q.U2.N.INWR.000000.4F0.GY.IX
EA,bce_salari_negoziali,Q,2019Q3,2.58,yoy,BCE INW/Q.U2.N.INWR.000000.4F0.GY.IX
EA,bce_salari_negoziali,Q,2019Q4,1.99,yoy,BCE INW/Q.U2.N.INWR.000000.4F0.GY.IX
EA,bce_salari_negoziali,Q,2020Q1,1.95,yoy,BCE INW/Q.U2.N.INWR.000000.4F0.GY.IX
EA,bce_salari_negoziali,Q,2020Q2,1.68,yoy,BCE INW/Q.U2.N.INWR.000000.4F0.GY.IX
EA,bce_salari_negoziali,Q,2020Q3,1.61,yoy,BCE INW/Q.U2.N.INWR.000000.4F0.GY.IX
EA,bce_salari_negoziali,Q,2020Q4,1.93,yoy,BCE INW/Q.U2.N.INWR.000000.4F0.GY.IX
EA,bce_salari_negoziali,Q,2021Q1,1.34,yoy,BCE INW/Q.U2.N.INWR.000000.4F0.GY.IX
EA,bce_salari_negoziali,Q,2021Q2,1.6,yoy,BCE INW/Q.U2.N.INWR.000000.4F0.GY.IX
EA,bce_salari_negoziali,Q,2021Q3,1.14,yoy,BCE INW/Q.U2.N.INWR.000000.4F0.GY.IX
EA,bce_salari_negoziali,Q,2021Q4,1.35,yoy,BCE INW/Q.U2.N.INWR.000000.4F0.GY.IX
EA,bce_salari_negoziali,Q,2022Q1,3.01,yoy,BCE INW/Q.U2.N.INWR.000000.4F0.GY.IX
EA,bce_salari_negoziali,Q,2022Q2,2.56,yoy,BCE INW/Q.U2.N.INWR.000000.4F0.GY.IX
EA,bce_salari_negoziali,Q,2022Q3,3.05,yoy,BCE INW/Q.U2.N.INWR.000000.4F0.GY.IX
EA,bce_salari_negoziali,Q,2022Q4,3.15,yoy,BCE INW/Q.U2.N.INWR.000000.4F0.GY.IX
EA,bce_salari_negoziali,Q,2023Q1,4.27,yoy,BCE INW/Q.U2.N.INWR.000000.4F0.GY.IX
EA,bce_salari_negoziali,Q,2023Q2,4.4,yoy,BCE INW/Q.U2.N.INWR.000000.4F0.GY.IX
EA,bce_salari_negoziali,Q,2023Q3,4.71,yoy,BCE INW/Q.U2.N.INWR.000000.4F0.GY.IX
EA,bce_salari_negoziali,Q,2023Q4,4.51,yoy,BCE INW/Q.U2.N.INWR.000000.4F0.GY.IX
EA,bce_salari_negoziali,Q,2024Q1,4.85,yoy,BCE INW/Q.U2.N.INWR.000000.4F0.GY.IX
EA,bce_salari_negoziali,Q,2024Q2,3.69,yoy,BCE INW/Q.U2.N.INWR.000000.4F0.GY.IX
EA,bce_salari_negoziali,Q,2024Q3,5.51,yoy,BCE INW/Q.U2.N.INWR.000000.4F0.GY.IX
EA,bce_salari_negoziali,Q,2024Q4,4.21,yoy,BCE INW/Q.U2.N.INWR.000000.4F0.GY.IX
EA,bce_salari_negoziali,Q,2025Q1,2.51,yoy,BCE INW/Q.U2.N.INWR.000000.4F0.GY.IX
EA,bce_salari_negoziali,Q,2025Q2,4.04,yoy,BCE INW/Q.U2.N.INWR.000000.4F0.GY.IX
EA,bce_salari_negoziali,Q,2025Q3,1.99,yoy,BCE INW/Q.U2.N.INWR.000000.4F0.GY.IX
EA,bce_salari_negoziali,Q,2025Q4,2.94,yoy,BCE INW/Q.U2.N.INWR.000000.4F0.GY.IX
EA,bce_salari_negoziali,Q,2026Q1,2.57,yoy,BCE INW/Q.U2.N.INWR.000000.4F0.GY.IX
EA,bce_salari_negoziali,Q,2026Q2,2.45,yoy,BCE INW/Q.U2.N.INWR.000000.4F0.GY.IX
EA,bce_wage_tracker,Q,2015Q1,1.30380838142665,yoy,BCE EWT/Q.U2.N.WT.INWS._T.4F0.GY
EA,bce_wage_tracker,Q,2015Q2,1.39692770887956,yoy,BCE EWT/Q.U2.N.WT.INWS._T.4F0.GY
EA,bce_wage_tracker,Q,2015Q3,1.50530336141348,yoy,BCE EWT/Q.U2.N.WT.INWS._T.4F0.GY
EA,bce_wage_tracker,Q,2015Q4,1.4785607204199,yoy,BCE EWT/Q.U2.N.WT.INWS._T.4F0.GY
EA,bce_wage_tracker,Q,2016Q1,1.44911486148234,yoy,BCE EWT/Q.U2.N.WT.INWS._T.4F0.GY
EA,bce_wage_tracker,Q,2016Q2,1.33815679068408,yoy,BCE EWT/Q.U2.N.WT.INWS._T.4F0.GY
EA,bce_wage_tracker,Q,2016Q3,1.35332492719569,yoy,BCE EWT/Q.U2.N.WT.INWS._T.4F0.GY
EA,bce_wage_tracker,Q,2016Q4,1.34493297299718,yoy,BCE EWT/Q.U2.N.WT.INWS._T.4F0.GY
EA,bce_wage_tracker,Q,2017Q1,1.49895528367412,yoy,BCE EWT/Q.U2.N.WT.INWS._T.4F0.GY
EA,bce_wage_tracker,Q,2017Q2,1.40467787370204,yoy,BCE EWT/Q.U2.N.WT.INWS._T.4F0.GY
EA,bce_wage_tracker,Q,2017Q3,1.34891423094696,yoy,BCE EWT/Q.U2.N.WT.INWS._T.4F0.GY
EA,bce_wage_tracker,Q,2017Q4,1.37446227115579,yoy,BCE EWT/Q.U2.N.WT.INWS._T.4F0.GY
EA,bce_wage_tracker,Q,2018Q1,1.52061190587351,yoy,BCE EWT/Q.U2.N.WT.INWS._T.4F0.GY
EA,bce_wage_tracker,Q,2018Q2,2.03564147756112,yoy,BCE EWT/Q.U2.N.WT.INWS._T.4F0.GY
EA,bce_wage_tracker,Q,2018Q3,2.06405149730862,yoy,BCE EWT/Q.U2.N.WT.INWS._T.4F0.GY
EA,bce_wage_tracker,Q,2018Q4,2.1443059458645,yoy,BCE EWT/Q.U2.N.WT.INWS._T.4F0.GY
EA,bce_wage_tracker,Q,2019Q1,2.26425720482226,yoy,BCE EWT/Q.U2.N.WT.INWS._T.4F0.GY
EA,bce_wage_tracker,Q,2019Q2,1.7598696239016,yoy,BCE EWT/Q.U2.N.WT.INWS._T.4F0.GY
EA,bce_wage_tracker,Q,2019Q3,1.95767571795171,yoy,BCE EWT/Q.U2.N.WT.INWS._T.4F0.GY
EA,bce_wage_tracker,Q,2019Q4,1.91198179770573,yoy,BCE EWT/Q.U2.N.WT.INWS._T.4F0.GY
EA,bce_wage_tracker,Q,2020Q1,1.82422027472653,yoy,BCE EWT/Q.U2.N.WT.INWS._T.4F0.GY
EA,bce_wage_tracker,Q,2020Q2,1.73052062428258,yoy,BCE EWT/Q.U2.N.WT.INWS._T.4F0.GY
EA,bce_wage_tracker,Q,2020Q3,1.39219004786422,yoy,BCE EWT/Q.U2.N.WT.INWS._T.4F0.GY
EA,bce_wage_tracker,Q,2020Q4,1.34743202220293,yoy,BCE EWT/Q.U2.N.WT.INWS._T.4F0.GY
EA,bce_wage_tracker,Q,2021Q1,1.20367202241329,yoy,BCE EWT/Q.U2.N.WT.INWS._T.4F0.GY
EA,bce_wage_tracker,Q,2021Q2,1.26919063682365,yoy,BCE EWT/Q.U2.N.WT.INWS._T.4F0.GY
EA,bce_wage_tracker,Q,2021Q3,1.25815964752019,yoy,BCE EWT/Q.U2.N.WT.INWS._T.4F0.GY
EA,bce_wage_tracker,Q,2021Q4,1.46760413006557,yoy,BCE EWT/Q.U2.N.WT.INWS._T.4F0.GY
EA,bce_wage_tracker,Q,2022Q1,2.06606250735544,yoy,BCE EWT/Q.U2.N.WT.INWS._T.4F0.GY
EA,bce_wage_tracker,Q,2022Q2,2.91861361313721,yoy,BCE EWT/Q.U2.N.WT.INWS._T.4F0.GY
EA,bce_wage_tracker,Q,2022Q3,3.20499526586042,yoy,BCE EWT/Q.U2.N.WT.INWS._T.4F0.GY
EA,bce_wage_tracker,Q,2022Q4,3.52837172539633,yoy,BCE EWT/Q.U2.N.WT.INWS._T.4F0.GY
EA,bce_wage_tracker,Q,2023Q1,4.38938384601826,yoy,BCE EWT/Q.U2.N.WT.INWS._T.4F0.GY
EA,bce_wage_tracker,Q,2023Q2,4.20052332644356,yoy,BCE EWT/Q.U2.N.WT.INWS._T.4F0.GY
EA,bce_wage_tracker,Q,2023Q3,4.67496885205094,yoy,BCE EWT/Q.U2.N.WT.INWS._T.4F0.GY
EA,bce_wage_tracker,Q,2023Q4,4.46950283946259,yoy,BCE EWT/Q.U2.N.WT.INWS._T.4F0.GY
EA,bce_wage_tracker,Q,2024Q1,4.02559488468934,yoy,BCE EWT/Q.U2.N.WT.INWS._T.4F0.GY
EA,bce_wage_tracker,Q,2024Q2,4.30256265780173,yoy,BCE EWT/Q.U2.N.WT.INWS._T.4F0.GY
EA,bce_wage_tracker,Q,2024Q3,5.04871517889469,yoy,BCE EWT/Q.U2.N.WT.INWS._T.4F0.GY
EA,bce_wage_tracker,Q,2024Q4,5.24759077434023,yoy,BCE EWT/Q.U2.N.WT.INWS._T.4F0.GY
EA,bce_wage_tracker,Q,2025Q1,4.72865497434733,yoy,BCE EWT/Q.U2.N.WT.INWS._T.4F0.GY
EA,bce_wage_tracker,Q,2025Q2,4.16194494253399,yoy,BCE EWT/Q.U2.N.WT.INWS._T.4F0.GY
EA,bce_wage_tracker,Q,2025Q3,2.31890265104631,yoy,BCE EWT/Q.U2.N.WT.INWS._T.4F0.GY
EA,bce_wage_tracker,Q,2025Q4,1.83356245113484,yoy,BCE EWT/Q.U2.N.WT.INWS._T.4F0.GY
EA,bce_wage_tracker,Q,2026Q1,1.82196302687838,yoy,BCE EWT/Q.U2.N.WT.INWS._T.4F0.GY
EA,bce_wage_tracker,Q,2026Q2,1.86808944619772,yoy,BCE EWT/Q.U2.N.WT.INWS._T.4F0.GY
EA,bce_wage_tracker,Q,2026Q3,2.45572380952637,yoy,BCE EWT/Q.U2.N.WT.INWS._T.4F0.GY
EA,bce_wage_tracker,Q,2026Q4,2.66339610316706,yoy,BCE EWT/Q.U2.N.WT.INWS._T.4F0.GY
EA,bce_wage_tracker,Q,2027Q1,2.66916508872515,yoy,BCE EWT/Q.U2.N.WT.INWS._T.4F0.GY
EA,bce_wage_tracker,Q,2027Q2,2.76822510433035,yoy,BCE EWT/Q.U2.N.WT.INWS._T.4F0.GY
EA,bce_wage_tracker_senza_una_tantum,Q,2015Q1,1.3410229284611,yoy,BCE EWT/Q.U2.N.WT.INWX._T.4F0.GY
EA,bce_wage_tracker_senza_una_tantum,Q,2015Q2,1.42058843628523,yoy,BCE EWT/Q.U2.N.WT.INWX._T.4F0.GY
EA,bce_wage_tracker_senza_una_tantum,Q,2015Q3,1.53213936483274,yoy,BCE EWT/Q.U2.N.WT.INWX._T.4F0.GY
EA,bce_wage_tracker_senza_una_tantum,Q,2015Q4,1.49993757515166,yoy,BCE EWT/Q.U2.N.WT.INWX._T.4F0.GY
EA,bce_wage_tracker_senza_una_tantum,Q,2016Q1,1.45722560396195,yoy,BCE EWT/Q.U2.N.WT.INWX._T.4F0.GY
EA,bce_wage_tracker_senza_una_tantum,Q,2016Q2,1.36139686354828,yoy,BCE EWT/Q.U2.N.WT.INWX._T.4F0.GY
EA,bce_wage_tracker_senza_una_tantum,Q,2016Q3,1.35810913611958,yoy,BCE EWT/Q.U2.N.WT.INWX._T.4F0.GY
EA,bce_wage_tracker_senza_una_tantum,Q,2016Q4,1.36093194523796,yoy,BCE EWT/Q.U2.N.WT.INWX._T.4F0.GY
EA,bce_wage_tracker_senza_una_tantum,Q,2017Q1,1.48561567804781,yoy,BCE EWT/Q.U2.N.WT.INWX._T.4F0.GY
EA,bce_wage_tracker_senza_una_tantum,Q,2017Q2,1.39798965685822,yoy,BCE EWT/Q.U2.N.WT.INWX._T.4F0.GY
EA,bce_wage_tracker_senza_una_tantum,Q,2017Q3,1.37674641302226,yoy,BCE EWT/Q.U2.N.WT.INWX._T.4F0.GY
EA,bce_wage_tracker_senza_una_tantum,Q,2017Q4,1.39869785692628,yoy,BCE EWT/Q.U2.N.WT.INWX._T.4F0.GY
EA,bce_wage_tracker_senza_una_tantum,Q,2018Q1,1.54899664718628,yoy,BCE EWT/Q.U2.N.WT.INWX._T.4F0.GY
EA,bce_wage_tracker_senza_una_tantum,Q,2018Q2,1.97339210142307,yoy,BCE EWT/Q.U2.N.WT.INWX._T.4F0.GY
EA,bce_wage_tracker_senza_una_tantum,Q,2018Q3,1.93693276391813,yoy,BCE EWT/Q.U2.N.WT.INWX._T.4F0.GY
EA,bce_wage_tracker_senza_una_tantum,Q,2018Q4,2.00108088144912,yoy,BCE EWT/Q.U2.N.WT.INWX._T.4F0.GY
EA,bce_wage_tracker_senza_una_tantum,Q,2019Q1,2.12653016744542,yoy,BCE EWT/Q.U2.N.WT.INWX._T.4F0.GY
EA,bce_wage_tracker_senza_una_tantum,Q,2019Q2,1.75334471550033,yoy,BCE EWT/Q.U2.N.WT.INWX._T.4F0.GY
EA,bce_wage_tracker_senza_una_tantum,Q,2019Q3,1.85207135038479,yoy,BCE EWT/Q.U2.N.WT.INWX._T.4F0.GY
EA,bce_wage_tracker_senza_una_tantum,Q,2019Q4,1.82287547418702,yoy,BCE EWT/Q.U2.N.WT.INWX._T.4F0.GY
EA,bce_wage_tracker_senza_una_tantum,Q,2020Q1,1.74450303274938,yoy,BCE EWT/Q.U2.N.WT.INWX._T.4F0.GY
EA,bce_wage_tracker_senza_una_tantum,Q,2020Q2,1.59802306912022,yoy,BCE EWT/Q.U2.N.WT.INWX._T.4F0.GY
EA,bce_wage_tracker_senza_una_tantum,Q,2020Q3,1.41189201261778,yoy,BCE EWT/Q.U2.N.WT.INWX._T.4F0.GY
EA,bce_wage_tracker_senza_una_tantum,Q,2020Q4,1.33445248514861,yoy,BCE EWT/Q.U2.N.WT.INWX._T.4F0.GY
EA,bce_wage_tracker_senza_una_tantum,Q,2021Q1,1.12851165738601,yoy,BCE EWT/Q.U2.N.WT.INWX._T.4F0.GY
EA,bce_wage_tracker_senza_una_tantum,Q,2021Q2,1.16336341209731,yoy,BCE EWT/Q.U2.N.WT.INWX._T.4F0.GY
EA,bce_wage_tracker_senza_una_tantum,Q,2021Q3,1.12693656327703,yoy,BCE EWT/Q.U2.N.WT.INWX._T.4F0.GY
EA,bce_wage_tracker_senza_una_tantum,Q,2021Q4,1.33279309940415,yoy,BCE EWT/Q.U2.N.WT.INWX._T.4F0.GY
EA,bce_wage_tracker_senza_una_tantum,Q,2022Q1,1.88558314774356,yoy,BCE EWT/Q.U2.N.WT.INWX._T.4F0.GY
EA,bce_wage_tracker_senza_una_tantum,Q,2022Q2,2.61293234351729,yoy,BCE EWT/Q.U2.N.WT.INWX._T.4F0.GY
EA,bce_wage_tracker_senza_una_tantum,Q,2022Q3,2.92084709794105,yoy,BCE EWT/Q.U2.N.WT.INWX._T.4F0.GY
EA,bce_wage_tracker_senza_una_tantum,Q,2022Q4,3.24167689463921,yoy,BCE EWT/Q.U2.N.WT.INWX._T.4F0.GY
EA,bce_wage_tracker_senza_una_tantum,Q,2023Q1,3.89443982458182,yoy,BCE EWT/Q.U2.N.WT.INWX._T.4F0.GY
EA,bce_wage_tracker_senza_una_tantum,Q,2023Q2,3.83605746032682,yoy,BCE EWT/Q.U2.N.WT.INWX._T.4F0.GY
EA,bce_wage_tracker_senza_una_tantum,Q,2023Q3,4.11102149054745,yoy,BCE EWT/Q.U2.N.WT.INWX._T.4F0.GY
EA,bce_wage_tracker_senza_una_tantum,Q,2023Q4,3.90002484142462,yoy,BCE EWT/Q.U2.N.WT.INWX._T.4F0.GY
EA,bce_wage_tracker_senza_una_tantum,Q,2024Q1,3.71269694090393,yoy,BCE EWT/Q.U2.N.WT.INWX._T.4F0.GY
EA,bce_wage_tracker_senza_una_tantum,Q,2024Q2,3.84981522270615,yoy,BCE EWT/Q.U2.N.WT.INWX._T.4F0.GY
EA,bce_wage_tracker_senza_una_tantum,Q,2024Q3,4.3956027456608,yoy,BCE EWT/Q.U2.N.WT.INWX._T.4F0.GY
EA,bce_wage_tracker_senza_una_tantum,Q,2024Q4,4.62745281730261,yoy,BCE EWT/Q.U2.N.WT.INWX._T.4F0.GY
EA,bce_wage_tracker_senza_una_tantum,Q,2025Q1,4.50349991809242,yoy,BCE EWT/Q.U2.N.WT.INWX._T.4F0.GY
EA,bce_wage_tracker_senza_una_tantum,Q,2025Q2,4.41224308261829,yoy,BCE EWT/Q.U2.N.WT.INWX._T.4F0.GY
EA,bce_wage_tracker_senza_una_tantum,Q,2025Q3,3.51885475770133,yoy,BCE EWT/Q.U2.N.WT.INWX._T.4F0.GY
EA,bce_wage_tracker_senza_una_tantum,Q,2025Q4,3.10925909646858,yoy,BCE EWT/Q.U2.N.WT.INWX._T.4F0.GY
EA,bce_wage_tracker_senza_una_tantum,Q,2026Q1,2.66012019766648,yoy,BCE EWT/Q.U2.N.WT.INWX._T.4F0.GY
EA,bce_wage_tracker_senza_una_tantum,Q,2026Q2,2.43345199505645,yoy,BCE EWT/Q.U2.N.WT.INWX._T.4F0.GY
EA,bce_wage_tracker_senza_una_tantum,Q,2026Q3,2.5229671541936,yoy,BCE EWT/Q.U2.N.WT.INWX._T.4F0.GY
EA,bce_wage_tracker_senza_una_tantum,Q,2026Q4,2.65285225446268,yoy,BCE EWT/Q.U2.N.WT.INWX._T.4F0.GY
EA,bce_wage_tracker_senza_una_tantum,Q,2027Q1,2.72202039991627,yoy,BCE EWT/Q.U2.N.WT.INWX._T.4F0.GY
EA,bce_wage_tracker_senza_una_tantum,Q,2027Q2,2.81662691071678,yoy,BCE EWT/Q.U2.N.WT.INWX._T.4F0.GY
EA,compensation_per_employee,Q,2000Q1,6982.237843165591,livello,Eurostat namq_10_a10 D1 / namq_10_a10_e SAL_DC
EA,compensation_per_employee,Q,2000Q2,7014.986903918011,livello,Eurostat namq_10_a10 D1 / namq_10_a10_e SAL_DC
EA,compensation_per_employee,Q,2000Q3,7076.1269102588985,livello,Eurostat namq_10_a10 D1 / namq_10_a10_e SAL_DC
EA,compensation_per_employee,Q,2000Q4,7120.9052447609665,livello,Eurostat namq_10_a10 D1 / namq_10_a10_e SAL_DC
EA,compensation_per_employee,Q,2001Q1,7159.179845252577,livello,Eurostat namq_10_a10 D1 / namq_10_a10_e SAL_DC
EA,compensation_per_employee,Q,2001Q2,7209.839237799821,livello,Eurostat namq_10_a10 D1 / namq_10_a10_e SAL_DC
EA,compensation_per_employee,Q,2001Q3,7257.8155036844855,livello,Eurostat namq_10_a10 D1 / namq_10_a10_e SAL_DC
EA,compensation_per_employee,Q,2001Q4,7312.008878038098,livello,Eurostat namq_10_a10 D1 / namq_10_a10_e SAL_DC
EA,compensation_per_employee,Q,2002Q1,7352.790629986853,livello,Eurostat namq_10_a10 D1 / namq_10_a10_e SAL_DC
EA,compensation_per_employee,Q,2002Q2,7397.555881627714,livello,Eurostat namq_10_a10 D1 / namq_10_a10_e SAL_DC
EA,compensation_per_employee,Q,2002Q3,7451.9634392829785,livello,Eurostat namq_10_a10 D1 / namq_10_a10_e SAL_DC
EA,compensation_per_employee,Q,2002Q4,7497.816919112665,livello,Eurostat namq_10_a10 D1 / namq_10_a10_e SAL_DC
EA,compensation_per_employee,Q,2003Q1,7525.777536360106,livello,Eurostat namq_10_a10 D1 / namq_10_a10_e SAL_DC
EA,compensation_per_employee,Q,2003Q2,7567.822076766492,livello,Eurostat namq_10_a10 D1 / namq_10_a10_e SAL_DC
EA,compensation_per_employee,Q,2003Q3,7660.405706337433,livello,Eurostat namq_10_a10 D1 / namq_10_a10_e SAL_DC
EA,compensation_per_employee,Q,2003Q4,7665.259384525027,livello,Eurostat namq_10_a10 D1 / namq_10_a10_e SAL_DC
EA,compensation_per_employee,Q,2004Q1,7720.221646521639,livello,Eurostat namq_10_a10 D1 / namq_10_a10_e SAL_DC
EA,compensation_per_employee,Q,2004Q2,7765.903212620094,livello,Eurostat namq_10_a10 D1 / namq_10_a10_e SAL_DC
EA,compensation_per_employee,Q,2004Q3,7793.2817378543705,livello,Eurostat namq_10_a10 D1 / namq_10_a10_e SAL_DC
EA,compensation_per_employee,Q,2004Q4,7829.535593165555,livello,Eurostat namq_10_a10 D1 / namq_10_a10_e SAL_DC
EA,compensation_per_employee,Q,2005Q1,7863.222537494609,livello,Eurostat namq_10_a10 D1 / namq_10_a10_e SAL_DC
EA,compensation_per_employee,Q,2005Q2,7908.917922559276,livello,Eurostat namq_10_a10 D1 / namq_10_a10_e SAL_DC
EA,compensation_per_employee,Q,2005Q3,7953.868625181863,livello,Eurostat namq_10_a10 D1 / namq_10_a10_e SAL_DC
EA,compensation_per_employee,Q,2005Q4,8025.365592891129,livello,Eurostat namq_10_a10 D1 / namq_10_a10_e SAL_DC
EA,compensation_per_employee,Q,2006Q1,8049.6641610435645,livello,Eurostat namq_10_a10 D1 / namq_10_a10_e SAL_DC
EA,compensation_per_employee,Q,2006Q2,8107.420904370725,livello,Eurostat namq_10_a10 D1 / namq_10_a10_e SAL_DC
EA,compensation_per_employee,Q,2006Q3,8153.333589357391,livello,Eurostat namq_10_a10 D1 / namq_10_a10_e SAL_DC
EA,compensation_per_employee,Q,2006Q4,8207.781632484088,livello,Eurostat namq_10_a10 D1 / namq_10_a10_e SAL_DC
EA,compensation_per_employee,Q,2007Q1,8248.114968856646,livello,Eurostat namq_10_a10 D1 / namq_10_a10_e SAL_DC
EA,compensation_per_employee,Q,2007Q2,8298.940643833359,livello,Eurostat namq_10_a10 D1 / namq_10_a10_e SAL_DC
EA,compensation_per_employee,Q,2007Q3,8352.875425357875,livello,Eurostat namq_10_a10 D1 / namq_10_a10_e SAL_DC
EA,compensation_per_employee,Q,2007Q4,8438.382748275968,livello,Eurostat namq_10_a10 D1 / namq_10_a10_e SAL_DC
EA,compensation_per_employee,Q,2008Q1,8534.673834974561,livello,Eurostat namq_10_a10 D1 / namq_10_a10_e SAL_DC
EA,compensation_per_employee,Q,2008Q2,8583.120293236394,livello,Eurostat namq_10_a10 D1 / namq_10_a10_e SAL_DC
EA,compensation_per_employee,Q,2008Q3,8670.065260520629,livello,Eurostat namq_10_a10 D1 / namq_10_a10_e SAL_DC
EA,compensation_per_employee,Q,2008Q4,8694.644493781676,livello,Eurostat namq_10_a10 D1 / namq_10_a10_e SAL_DC
EA,compensation_per_employee,Q,2009Q1,8685.401774816206,livello,Eurostat namq_10_a10 D1 / namq_10_a10_e SAL_DC
EA,compensation_per_employee,Q,2009Q2,8726.855483391659,livello,Eurostat namq_10_a10 D1 / namq_10_a10_e SAL_DC
EA,compensation_per_employee,Q,2009Q3,8788.352066048526,livello,Eurostat namq_10_a10 D1 / namq_10_a10_e SAL_DC
EA,compensation_per_employee,Q,2009Q4,8844.324801104949,livello,Eurostat namq_10_a10 D1 / namq_10_a10_e SAL_DC
EA,compensation_per_employee,Q,2010Q1,8873.508047737498,livello,Eurostat namq_10_a10 D1 / namq_10_a10_e SAL_DC
EA,compensation_per_employee,Q,2010Q2,8943.723134424135,livello,Eurostat namq_10_a10 D1 / namq_10_a10_e SAL_DC
EA,compensation_per_employee,Q,2010Q3,8975.672930054221,livello,Eurostat namq_10_a10 D1 / namq_10_a10_e SAL_DC
EA,compensation_per_employee,Q,2010Q4,9013.427581804981,livello,Eurostat namq_10_a10 D1 / namq_10_a10_e SAL_DC
EA,compensation_per_employee,Q,2011Q1,9087.51556176064,livello,Eurostat namq_10_a10 D1 / namq_10_a10_e SAL_DC
EA,compensation_per_employee,Q,2011Q2,9135.124232804266,livello,Eurostat namq_10_a10 D1 / namq_10_a10_e SAL_DC
EA,compensation_per_employee,Q,2011Q3,9158.52748013517,livello,Eurostat namq_10_a10 D1 / namq_10_a10_e SAL_DC
EA,compensation_per_employee,Q,2011Q4,9203.103669923239,livello,Eurostat namq_10_a10 D1 / namq_10_a10_e SAL_DC
EA,compensation_per_employee,Q,2012Q1,9242.90918533982,livello,Eurostat namq_10_a10 D1 / namq_10_a10_e SAL_DC
EA,compensation_per_employee,Q,2012Q2,9277.230979662205,livello,Eurostat namq_10_a10 D1 / namq_10_a10_e SAL_DC
EA,compensation_per_employee,Q,2012Q3,9305.194797589242,livello,Eurostat namq_10_a10 D1 / namq_10_a10_e SAL_DC
EA,compensation_per_employee,Q,2012Q4,9326.450740444807,livello,Eurostat namq_10_a10 D1 / namq_10_a10_e SAL_DC
EA,compensation_per_employee,Q,2013Q1,9377.51664054763,livello,Eurostat namq_10_a10 D1 / namq_10_a10_e SAL_DC
EA,compensation_per_employee,Q,2013Q2,9417.872706139446,livello,Eurostat namq_10_a10 D1 / namq_10_a10_e SAL_DC
EA,compensation_per_employee,Q,2013Q3,9458.931295889683,livello,Eurostat namq_10_a10 D1 / namq_10_a10_e SAL_DC
EA,compensation_per_employee,Q,2013Q4,9476.443048977992,livello,Eurostat namq_10_a10 D1 / namq_10_a10_e SAL_DC
EA,compensation_per_employee,Q,2014Q1,9519.22412251812,livello,Eurostat namq_10_a10 D1 / namq_10_a10_e SAL_DC
EA,compensation_per_employee,Q,2014Q2,9538.101539358035,livello,Eurostat namq_10_a10 D1 / namq_10_a10_e SAL_DC
EA,compensation_per_employee,Q,2014Q3,9570.263874556784,livello,Eurostat namq_10_a10 D1 / namq_10_a10_e SAL_DC
EA,compensation_per_employee,Q,2014Q4,9613.579074107565,livello,Eurostat namq_10_a10 D1 / namq_10_a10_e SAL_DC
EA,compensation_per_employee,Q,2015Q1,9650.814265150986,livello,Eurostat namq_10_a10 D1 / namq_10_a10_e SAL_DC
EA,compensation_per_employee,Q,2015Q2,9698.34278069538,livello,Eurostat namq_10_a10 D1 / namq_10_a10_e SAL_DC
EA,compensation_per_employee,Q,2015Q3,9715.207637787522,livello,Eurostat namq_10_a10 D1 / namq_10_a10_e SAL_DC
EA,compensation_per_employee,Q,2015Q4,9753.310073477836,livello,Eurostat namq_10_a10 D1 / namq_10_a10_e SAL_DC
EA,compensation_per_employee,Q,2016Q1,9785.959411630056,livello,Eurostat namq_10_a10 D1 / namq_10_a10_e SAL_DC
EA,compensation_per_employee,Q,2016Q2,9796.90996628596,livello,Eurostat namq_10_a10 D1 / namq_10_a10_e SAL_DC
EA,compensation_per_employee,Q,2016Q3,9841.336874313825,livello,Eurostat namq_10_a10 D1 / namq_10_a10_e SAL_DC
EA,compensation_per_employee,Q,2016Q4,9891.49748225808,livello,Eurostat namq_10_a10 D1 / namq_10_a10_e SAL_DC
EA,compensation_per_employee,Q,2017Q1,9940.984181186865,livello,Eurostat namq_10_a10 D1 / namq_10_a10_e SAL_DC
EA,compensation_per_employee,Q,2017Q2,9980.811189272079,livello,Eurostat namq_10_a10 D1 / namq_10_a10_e SAL_DC
EA,compensation_per_employee,Q,2017Q3,10016.70768475988,livello,Eurostat namq_10_a10 D1 / namq_10_a10_e SAL_DC
EA,compensation_per_employee,Q,2017Q4,10091.063575437582,livello,Eurostat namq_10_a10 D1 / namq_10_a10_e SAL_DC
EA,compensation_per_employee,Q,2018Q1,10123.066543510664,livello,Eurostat namq_10_a10 D1 / namq_10_a10_e SAL_DC
EA,compensation_per_employee,Q,2018Q2,10185.954936935073,livello,Eurostat namq_10_a10 D1 / namq_10_a10_e SAL_DC
EA,compensation_per_employee,Q,2018Q3,10267.22877109025,livello,Eurostat namq_10_a10 D1 / namq_10_a10_e SAL_DC
EA,compensation_per_employee,Q,2018Q4,10324.017019484749,livello,Eurostat namq_10_a10 D1 / namq_10_a10_e SAL_DC
EA,compensation_per_employee,Q,2019Q1,10360.447319550396,livello,Eurostat namq_10_a10 D1 / namq_10_a10_e SAL_DC
EA,compensation_per_employee,Q,2019Q2,10432.765197981804,livello,Eurostat namq_10_a10 D1 / namq_10_a10_e SAL_DC
EA,compensation_per_employee,Q,2019Q3,10500.123454521363,livello,Eurostat namq_10_a10 D1 / namq_10_a10_e SAL_DC
EA,compensation_per_employee,Q,2019Q4,10523.420524422301,livello,Eurostat namq_10_a10 D1 / namq_10_a10_e SAL_DC
EA,compensation_per_employee,Q,2020Q1,10432.356375235806,livello,Eurostat namq_10_a10 D1 / namq_10_a10_e SAL_DC
EA,compensation_per_employee,Q,2020Q2,9993.687558429392,livello,Eurostat namq_10_a10 D1 / namq_10_a10_e SAL_DC
EA,compensation_per_employee,Q,2020Q3,10572.385154561365,livello,Eurostat namq_10_a10 D1 / namq_10_a10_e SAL_DC
EA,compensation_per_employee,Q,2020Q4,10637.07811760467,livello,Eurostat namq_10_a10 D1 / namq_10_a10_e SAL_DC
EA,compensation_per_employee,Q,2021Q1,10659.647573821427,livello,Eurostat namq_10_a10 D1 / namq_10_a10_e SAL_DC
EA,compensation_per_employee,Q,2021Q2,10758.235417540915,livello,Eurostat namq_10_a10 D1 / namq_10_a10_e SAL_DC
EA,compensation_per_employee,Q,2021Q3,10966.92605899212,livello,Eurostat namq_10_a10 D1 / namq_10_a10_e SAL_DC
EA,compensation_per_employee,Q,2021Q4,11066.196180966495,livello,Eurostat namq_10_a10 D1 / namq_10_a10_e SAL_DC
EA,compensation_per_employee,Q,2022Q1,11167.110411979571,livello,Eurostat namq_10_a10 D1 / namq_10_a10_e SAL_DC
EA,compensation_per_employee,Q,2022Q2,11253.924577778227,livello,Eurostat namq_10_a10 D1 / namq_10_a10_e SAL_DC
EA,compensation_per_employee,Q,2022Q3,11427.160268674263,livello,Eurostat namq_10_a10 D1 / namq_10_a10_e SAL_DC
EA,compensation_per_employee,Q,2022Q4,11591.65873426097,livello,Eurostat namq_10_a10 D1 / namq_10_a10_e SAL_DC
EA,compensation_per_employee,Q,2023Q1,11768.406282767552,livello,Eurostat namq_10_a10 D1 / namq_10_a10_e SAL_DC
EA,compensation_per_employee,Q,2023Q2,11881.03046567725,livello,Eurostat namq_10_a10 D1 / namq_10_a10_e SAL_DC
EA,compensation_per_employee,Q,2023Q3,12020.551964621,livello,Eurostat namq_10_a10 D1 / namq_10_a10_e SAL_DC
EA,compensation_per_employee,Q,2023Q4,12182.833706197556,livello,Eurostat namq_10_a10 D1 / namq_10_a10_e SAL_DC
EA,compensation_per_employee,Q,2024Q1,12327.685507881073,livello,Eurostat namq_10_a10 D1 / namq_10_a10_e SAL_DC
EA,compensation_per_employee,Q,2024Q2,12437.923229077878,livello,Eurostat namq_10_a10 D1 / namq_10_a10_e SAL_DC
EA,compensation_per_employee,Q,2024Q3,12544.446397475385,livello,Eurostat namq_10_a10 D1 / namq_10_a10_e SAL_DC
EA,compensation_per_employee,Q,2024Q4,12690.341046268197,livello,Eurostat namq_10_a10 D1 / namq_10_a10_e SAL_DC
EA,compensation_per_employee,Q,2025Q1,12798.087510463107,livello,Eurostat namq_10_a10 D1 / namq_10_a10_e SAL_DC
EA,compensation_per_employee,Q,2025Q2,12925.605682005476,livello,Eurostat namq_10_a10 D1 / namq_10_a10_e SAL_DC
EA,compensation_per_employee,Q,2025Q3,13034.118062366757,livello,Eurostat namq_10_a10 D1 / namq_10_a10_e SAL_DC
EA,compensation_per_employee,Q,2025Q4,13150.921706291194,livello,Eurostat namq_10_a10 D1 / namq_10_a10_e SAL_DC
EA,compensation_per_employee,Q,2026Q1,13246.05560796336,livello,Eurostat namq_10_a10 D1 / namq_10_a10_e SAL_DC
EA,compensation_per_employee,Q,2026Q2,13355.200300663802,livello,Eurostat namq_10_a10 D1 / namq_10_a10_e SAL_DC
ES,compensation_per_employee,Q,2000Q1,5638.068406919928,livello,Eurostat namq_10_a10 D1 / namq_10_a10_e SAL_DC
ES,compensation_per_employee,Q,2000Q2,5665.439394706576,livello,Eurostat namq_10_a10 D1 / namq_10_a10_e SAL_DC
ES,compensation_per_employee,Q,2000Q3,5731.1550587560905,livello,Eurostat namq_10_a10 D1 / namq_10_a10_e SAL_DC
ES,compensation_per_employee,Q,2000Q4,5736.338594665024,livello,Eurostat namq_10_a10 D1 / namq_10_a10_e SAL_DC
ES,compensation_per_employee,Q,2001Q1,5791.065089587631,livello,Eurostat namq_10_a10 D1 / namq_10_a10_e SAL_DC
ES,compensation_per_employee,Q,2001Q2,5808.941018860289,livello,Eurostat namq_10_a10 D1 / namq_10_a10_e SAL_DC
ES,compensation_per_employee,Q,2001Q3,5881.420352665065,livello,Eurostat namq_10_a10 D1 / namq_10_a10_e SAL_DC
ES,compensation_per_employee,Q,2001Q4,5923.88837695471,livello,Eurostat namq_10_a10 D1 / namq_10_a10_e SAL_DC
ES,compensation_per_employee,Q,2002Q1,5983.200634764289,livello,Eurostat namq_10_a10 D1 / namq_10_a10_e SAL_DC
ES,compensation_per_employee,Q,2002Q2,6033.642604929821,livello,Eurostat namq_10_a10 D1 / namq_10_a10_e SAL_DC
ES,compensation_per_employee,Q,2002Q3,6077.514065052127,livello,Eurostat namq_10_a10 D1 / namq_10_a10_e SAL_DC
ES,compensation_per_employee,Q,2002Q4,6115.177452470468,livello,Eurostat namq_10_a10 D1 / namq_10_a10_e SAL_DC
ES,compensation_per_employee,Q,2003Q1,6126.329804764227,livello,Eurostat namq_10_a10 D1 / namq_10_a10_e SAL_DC
ES,compensation_per_employee,Q,2003Q2,6135.304735405087,livello,Eurostat namq_10_a10 D1 / namq_10_a10_e SAL_DC
ES,compensation_per_employee,Q,2003Q3,6185.6257199435695,livello,Eurostat namq_10_a10 D1 / namq_10_a10_e SAL_DC
ES,compensation_per_employee,Q,2003Q4,6237.159317385147,livello,Eurostat namq_10_a10 D1 / namq_10_a10_e SAL_DC
ES,compensation_per_employee,Q,2004Q1,6279.6276020075575,livello,Eurostat namq_10_a10 D1 / namq_10_a10_e SAL_DC
ES,compensation_per_employee,Q,2004Q2,6316.563584251017,livello,Eurostat namq_10_a10 D1 / namq_10_a10_e SAL_DC
ES,compensation_per_employee,Q,2004Q3,6353.824320286824,livello,Eurostat namq_10_a10 D1 / namq_10_a10_e SAL_DC
ES,compensation_per_employee,Q,2004Q4,6403.698566805363,livello,Eurostat namq_10_a10 D1 / namq_10_a10_e SAL_DC
ES,compensation_per_employee,Q,2005Q1,6417.067916491215,livello,Eurostat namq_10_a10 D1 / namq_10_a10_e SAL_DC
ES,compensation_per_employee,Q,2005Q2,6488.07771563144,livello,Eurostat namq_10_a10 D1 / namq_10_a10_e SAL_DC
ES,compensation_per_employee,Q,2005Q3,6502.690919402386,livello,Eurostat namq_10_a10 D1 / namq_10_a10_e SAL_DC
ES,compensation_per_employee,Q,2005Q4,6578.541658117955,livello,Eurostat namq_10_a10 D1 / namq_10_a10_e SAL_DC
ES,compensation_per_employee,Q,2006Q1,6628.628663401304,livello,Eurostat namq_10_a10 D1 / namq_10_a10_e SAL_DC
ES,compensation_per_employee,Q,2006Q2,6700.6453463358675,livello,Eurostat namq_10_a10 D1 / namq_10_a10_e SAL_DC
ES,compensation_per_employee,Q,2006Q3,6746.43939179432,livello,Eurostat namq_10_a10 D1 / namq_10_a10_e SAL_DC
ES,compensation_per_employee,Q,2006Q4,6821.018836577535,livello,Eurostat namq_10_a10 D1 / namq_10_a10_e SAL_DC
ES,compensation_per_employee,Q,2007Q1,6860.96241852725,livello,Eurostat namq_10_a10 D1 / namq_10_a10_e SAL_DC
ES,compensation_per_employee,Q,2007Q2,6944.693934902277,livello,Eurostat namq_10_a10 D1 / namq_10_a10_e SAL_DC
ES,compensation_per_employee,Q,2007Q3,7035.170097472509,livello,Eurostat namq_10_a10 D1 / namq_10_a10_e SAL_DC
ES,compensation_per_employee,Q,2007Q4,7139.073136435231,livello,Eurostat namq_10_a10 D1 / namq_10_a10_e SAL_DC
ES,compensation_per_employee,Q,2008Q1,7304.54547902853,livello,Eurostat namq_10_a10 D1 / namq_10_a10_e SAL_DC
ES,compensation_per_employee,Q,2008Q2,7425.689300020111,livello,Eurostat namq_10_a10 D1 / namq_10_a10_e SAL_DC
ES,compensation_per_employee,Q,2008Q3,7567.0735400183885,livello,Eurostat namq_10_a10 D1 / namq_10_a10_e SAL_DC
ES,compensation_per_employee,Q,2008Q4,7606.610735430288,livello,Eurostat namq_10_a10 D1 / namq_10_a10_e SAL_DC
ES,compensation_per_employee,Q,2009Q1,7693.213543042933,livello,Eurostat namq_10_a10 D1 / namq_10_a10_e SAL_DC
ES,compensation_per_employee,Q,2009Q2,7741.385849744712,livello,Eurostat namq_10_a10 D1 / namq_10_a10_e SAL_DC
ES,compensation_per_employee,Q,2009Q3,7817.783990044646,livello,Eurostat namq_10_a10 D1 / namq_10_a10_e SAL_DC
ES,compensation_per_employee,Q,2009Q4,7844.465230827521,livello,Eurostat namq_10_a10 D1 / namq_10_a10_e SAL_DC
ES,compensation_per_employee,Q,2010Q1,7858.576172464617,livello,Eurostat namq_10_a10 D1 / namq_10_a10_e SAL_DC
ES,compensation_per_employee,Q,2010Q2,7897.031186811619,livello,Eurostat namq_10_a10 D1 / namq_10_a10_e SAL_DC
ES,compensation_per_employee,Q,2010Q3,7851.273134363909,livello,Eurostat namq_10_a10 D1 / namq_10_a10_e SAL_DC
ES,compensation_per_employee,Q,2010Q4,7871.179497008284,livello,Eurostat namq_10_a10 D1 / namq_10_a10_e SAL_DC
ES,compensation_per_employee,Q,2011Q1,7866.85224684574,livello,Eurostat namq_10_a10 D1 / namq_10_a10_e SAL_DC
ES,compensation_per_employee,Q,2011Q2,7873.684082933835,livello,Eurostat namq_10_a10 D1 / namq_10_a10_e SAL_DC
ES,compensation_per_employee,Q,2011Q3,7863.706630024047,livello,Eurostat namq_10_a10 D1 / namq_10_a10_e SAL_DC
ES,compensation_per_employee,Q,2011Q4,7877.978164774735,livello,Eurostat namq_10_a10 D1 / namq_10_a10_e SAL_DC
ES,compensation_per_employee,Q,2012Q1,7872.296159932415,livello,Eurostat namq_10_a10 D1 / namq_10_a10_e SAL_DC
ES,compensation_per_employee,Q,2012Q2,7843.356482516722,livello,Eurostat namq_10_a10 D1 / namq_10_a10_e SAL_DC
ES,compensation_per_employee,Q,2012Q3,7813.164583225271,livello,Eurostat namq_10_a10 D1 / namq_10_a10_e SAL_DC
ES,compensation_per_employee,Q,2012Q4,7588.687800594966,livello,Eurostat namq_10_a10 D1 / namq_10_a10_e SAL_DC
ES,compensation_per_employee,Q,2013Q1,7818.108821419404,livello,Eurostat namq_10_a10 D1 / namq_10_a10_e SAL_DC
ES,compensation_per_employee,Q,2013Q2,7759.735099337749,livello,Eurostat namq_10_a10 D1 / namq_10_a10_e SAL_DC
ES,compensation_per_employee,Q,2013Q3,7752.699633869399,livello,Eurostat namq_10_a10 D1 / namq_10_a10_e SAL_DC
ES,compensation_per_employee,Q,2013Q4,7748.127464732816,livello,Eurostat namq_10_a10 D1 / namq_10_a10_e SAL_DC
ES,compensation_per_employee,Q,2014Q1,7763.680720382406,livello,Eurostat namq_10_a10 D1 / namq_10_a10_e SAL_DC
ES,compensation_per_employee,Q,2014Q2,7783.524075457846,livello,Eurostat namq_10_a10 D1 / namq_10_a10_e SAL_DC
ES,compensation_per_employee,Q,2014Q3,7800.400555820128,livello,Eurostat namq_10_a10 D1 / namq_10_a10_e SAL_DC
ES,compensation_per_employee,Q,2014Q4,7795.812263162659,livello,Eurostat namq_10_a10 D1 / namq_10_a10_e SAL_DC
ES,compensation_per_employee,Q,2015Q1,7868.518993839836,livello,Eurostat namq_10_a10 D1 / namq_10_a10_e SAL_DC
ES,compensation_per_employee,Q,2015Q2,7875.36688563333,livello,Eurostat namq_10_a10 D1 / namq_10_a10_e SAL_DC
ES,compensation_per_employee,Q,2015Q3,7861.135294043429,livello,Eurostat namq_10_a10 D1 / namq_10_a10_e SAL_DC
ES,compensation_per_employee,Q,2015Q4,7907.428355957768,livello,Eurostat namq_10_a10 D1 / namq_10_a10_e SAL_DC
ES,compensation_per_employee,Q,2016Q1,7855.413546534543,livello,Eurostat namq_10_a10 D1 / namq_10_a10_e SAL_DC
ES,compensation_per_employee,Q,2016Q2,7866.1972707029745,livello,Eurostat namq_10_a10 D1 / namq_10_a10_e SAL_DC
ES,compensation_per_employee,Q,2016Q3,7865.665373879104,livello,Eurostat namq_10_a10 D1 / namq_10_a10_e SAL_DC
ES,compensation_per_employee,Q,2016Q4,7908.716958625651,livello,Eurostat namq_10_a10 D1 / namq_10_a10_e SAL_DC
ES,compensation_per_employee,Q,2017Q1,7917.587132346228,livello,Eurostat namq_10_a10 D1 / namq_10_a10_e SAL_DC
ES,compensation_per_employee,Q,2017Q2,7918.525036765593,livello,Eurostat namq_10_a10 D1 / namq_10_a10_e SAL_DC
ES,compensation_per_employee,Q,2017Q3,7927.813797842779,livello,Eurostat namq_10_a10 D1 / namq_10_a10_e SAL_DC
ES,compensation_per_employee,Q,2017Q4,7964.02843489218,livello,Eurostat namq_10_a10 D1 / namq_10_a10_e SAL_DC
ES,compensation_per_employee,Q,2018Q1,7989.195535894302,livello,Eurostat namq_10_a10 D1 / namq_10_a10_e SAL_DC
ES,compensation_per_employee,Q,2018Q2,8020.22611884167,livello,Eurostat namq_10_a10 D1 / namq_10_a10_e SAL_DC
ES,compensation_per_employee,Q,2018Q3,8104.87849016071,livello,Eurostat namq_10_a10 D1 / namq_10_a10_e SAL_DC
ES,compensation_per_employee,Q,2018Q4,8154.175390165113,livello,Eurostat namq_10_a10 D1 / namq_10_a10_e SAL_DC
ES,compensation_per_employee,Q,2019Q1,8225.38703955639,livello,Eurostat namq_10_a10 D1 / namq_10_a10_e SAL_DC
ES,compensation_per_employee,Q,2019Q2,8325.299624079451,livello,Eurostat namq_10_a10 D1 / namq_10_a10_e SAL_DC
ES,compensation_per_employee,Q,2019Q3,8395.229537285592,livello,Eurostat namq_10_a10 D1 / namq_10_a10_e SAL_DC
ES,compensation_per_employee,Q,2019Q4,8426.813127142323,livello,Eurostat namq_10_a10 D1 / namq_10_a10_e SAL_DC
ES,compensation_per_employee,Q,2020Q1,8389.196802784965,livello,Eurostat namq_10_a10 D1 / namq_10_a10_e SAL_DC
ES,compensation_per_employee,Q,2020Q2,7964.111763020542,livello,Eurostat namq_10_a10 D1 / namq_10_a10_e SAL_DC
ES,compensation_per_employee,Q,2020Q3,8614.155237341101,livello,Eurostat namq_10_a10 D1 / namq_10_a10_e SAL_DC
ES,compensation_per_employee,Q,2020Q4,8643.521085612416,livello,Eurostat namq_10_a10 D1 / namq_10_a10_e SAL_DC
ES,compensation_per_employee,Q,2021Q1,8686.809269162211,livello,Eurostat namq_10_a10 D1 / namq_10_a10_e SAL_DC
ES,compensation_per_employee,Q,2021Q2,8653.282454453769,livello,Eurostat namq_10_a10 D1 / namq_10_a10_e SAL_DC
ES,compensation_per_employee,Q,2021Q3,8902.845542521656,livello,Eurostat namq_10_a10 D1 / namq_10_a10_e SAL_DC
ES,compensation_per_employee,Q,2021Q4,8987.312770283817,livello,Eurostat namq_10_a10 D1 / namq_10_a10_e SAL_DC
ES,compensation_per_employee,Q,2022Q1,9029.670254803108,livello,Eurostat namq_10_a10 D1 / namq_10_a10_e SAL_DC
ES,compensation_per_employee,Q,2022Q2,9139.304099034658,livello,Eurostat namq_10_a10 D1 / namq_10_a10_e SAL_DC
ES,compensation_per_employee,Q,2022Q3,9296.45027182603,livello,Eurostat namq_10_a10 D1 / namq_10_a10_e SAL_DC
ES,compensation_per_employee,Q,2022Q4,9419.893038605162,livello,Eurostat namq_10_a10 D1 / namq_10_a10_e SAL_DC
ES,compensation_per_employee,Q,2023Q1,9559.982498989262,livello,Eurostat namq_10_a10 D1 / namq_10_a10_e SAL_DC
ES,compensation_per_employee,Q,2023Q2,9650.601881290153,livello,Eurostat namq_10_a10 D1 / namq_10_a10_e SAL_DC
ES,compensation_per_employee,Q,2023Q3,9735.333636737967,livello,Eurostat namq_10_a10 D1 / namq_10_a10_e SAL_DC
ES,compensation_per_employee,Q,2023Q4,9829.429803597226,livello,Eurostat namq_10_a10 D1 / namq_10_a10_e SAL_DC
ES,compensation_per_employee,Q,2024Q1,9931.140872962917,livello,Eurostat namq_10_a10 D1 / namq_10_a10_e SAL_DC
ES,compensation_per_employee,Q,2024Q2,10030.396913544162,livello,Eurostat namq_10_a10 D1 / namq_10_a10_e SAL_DC
ES,compensation_per_employee,Q,2024Q3,10073.614288412702,livello,Eurostat namq_10_a10 D1 / namq_10_a10_e SAL_DC
ES,compensation_per_employee,Q,2024Q4,10174.437968359702,livello,Eurostat namq_10_a10 D1 / namq_10_a10_e SAL_DC
ES,compensation_per_employee,Q,2025Q1,10313.046637772184,livello,Eurostat namq_10_a10 D1 / namq_10_a10_e SAL_DC
ES,compensation_per_employee,Q,2025Q2,10418.303281477129,livello,Eurostat namq_10_a10 D1 / namq_10_a10_e SAL_DC
ES,compensation_per_employee,Q,2025Q3,10536.742556199924,livello,Eurostat namq_10_a10 D1 / namq_10_a10_e SAL_DC
ES,compensation_per_employee,Q,2025Q4,10708.048219211487,livello,Eurostat namq_10_a10 D1 / namq_10_a10_e SAL_DC
ES,compensation_per_employee,Q,2026Q1,10765.683543087713,livello,Eurostat namq_10_a10 D1 / namq_10_a10_e SAL_DC
ES,compensation_per_employee,Q,2026Q2,10849.59355709006,livello,Eurostat namq_10_a10 D1 / namq_10_a10_e SAL_DC
FR,compensation_per_employee,Q,2000Q1,7924.014916150665,livello,Eurostat namq_10_a10 D1 / namq_10_a10_e SAL_DC
FR,compensation_per_employee,Q,2000Q2,7964.69609659052,livello,Eurostat namq_10_a10 D1 / namq_10_a10_e SAL_DC
FR,compensation_per_employee,Q,2000Q3,8014.751622167855,livello,Eurostat namq_10_a10 D1 / namq_10_a10_e SAL_DC
FR,compensation_per_employee,Q,2000Q4,8091.15884115884,livello,Eurostat namq_10_a10 D1 / namq_10_a10_e SAL_DC
FR,compensation_per_employee,Q,2001Q1,8106.195100763687,livello,Eurostat namq_10_a10 D1 / namq_10_a10_e SAL_DC
FR,compensation_per_employee,Q,2001Q2,8183.02244531608,livello,Eurostat namq_10_a10 D1 / namq_10_a10_e SAL_DC
FR,compensation_per_employee,Q,2001Q3,8243.752570742641,livello,Eurostat namq_10_a10 D1 / namq_10_a10_e SAL_DC
FR,compensation_per_employee,Q,2001Q4,8314.17349898563,livello,Eurostat namq_10_a10 D1 / namq_10_a10_e SAL_DC
FR,compensation_per_employee,Q,2002Q1,8386.337483000314,livello,Eurostat namq_10_a10 D1 / namq_10_a10_e SAL_DC
FR,compensation_per_employee,Q,2002Q2,8479.994484118859,livello,Eurostat namq_10_a10 D1 / namq_10_a10_e SAL_DC
FR,compensation_per_employee,Q,2002Q3,8541.221227407877,livello,Eurostat namq_10_a10 D1 / namq_10_a10_e SAL_DC
FR,compensation_per_employee,Q,2002Q4,8593.72652454802,livello,Eurostat namq_10_a10 D1 / namq_10_a10_e SAL_DC
FR,compensation_per_employee,Q,2003Q1,8641.924040066779,livello,Eurostat namq_10_a10 D1 / namq_10_a10_e SAL_DC
FR,compensation_per_employee,Q,2003Q2,8707.876758093073,livello,Eurostat namq_10_a10 D1 / namq_10_a10_e SAL_DC
FR,compensation_per_employee,Q,2003Q3,8794.54126849488,livello,Eurostat namq_10_a10 D1 / namq_10_a10_e SAL_DC
FR,compensation_per_employee,Q,2003Q4,8847.108318467239,livello,Eurostat namq_10_a10 D1 / namq_10_a10_e SAL_DC
FR,compensation_per_employee,Q,2004Q1,8950.060153391147,livello,Eurostat namq_10_a10 D1 / namq_10_a10_e SAL_DC
FR,compensation_per_employee,Q,2004Q2,9012.136753564597,livello,Eurostat namq_10_a10 D1 / namq_10_a10_e SAL_DC
FR,compensation_per_employee,Q,2004Q3,9073.473680695837,livello,Eurostat namq_10_a10 D1 / namq_10_a10_e SAL_DC
FR,compensation_per_employee,Q,2004Q4,9151.77927561786,livello,Eurostat namq_10_a10 D1 / namq_10_a10_e SAL_DC
FR,compensation_per_employee,Q,2005Q1,9202.302446817805,livello,Eurostat namq_10_a10 D1 / namq_10_a10_e SAL_DC
FR,compensation_per_employee,Q,2005Q2,9274.797936585732,livello,Eurostat namq_10_a10 D1 / namq_10_a10_e SAL_DC
FR,compensation_per_employee,Q,2005Q3,9371.410803863853,livello,Eurostat namq_10_a10 D1 / namq_10_a10_e SAL_DC
FR,compensation_per_employee,Q,2005Q4,9460.436088110973,livello,Eurostat namq_10_a10 D1 / namq_10_a10_e SAL_DC
FR,compensation_per_employee,Q,2006Q1,9518.317844939998,livello,Eurostat namq_10_a10 D1 / namq_10_a10_e SAL_DC
FR,compensation_per_employee,Q,2006Q2,9575.66882753628,livello,Eurostat namq_10_a10 D1 / namq_10_a10_e SAL_DC
FR,compensation_per_employee,Q,2006Q3,9637.418445874273,livello,Eurostat namq_10_a10 D1 / namq_10_a10_e SAL_DC
FR,compensation_per_employee,Q,2006Q4,9738.03361934541,livello,Eurostat namq_10_a10 D1 / namq_10_a10_e SAL_DC
FR,compensation_per_employee,Q,2007Q1,9770.513054962918,livello,Eurostat namq_10_a10 D1 / namq_10_a10_e SAL_DC
FR,compensation_per_employee,Q,2007Q2,9820.86785472884,livello,Eurostat namq_10_a10 D1 / namq_10_a10_e SAL_DC
FR,compensation_per_employee,Q,2007Q3,9864.405411188129,livello,Eurostat namq_10_a10 D1 / namq_10_a10_e SAL_DC
FR,compensation_per_employee,Q,2007Q4,9943.860044783092,livello,Eurostat namq_10_a10 D1 / namq_10_a10_e SAL_DC
FR,compensation_per_employee,Q,2008Q1,10029.158478904708,livello,Eurostat namq_10_a10 D1 / namq_10_a10_e SAL_DC
FR,compensation_per_employee,Q,2008Q2,10074.462913186198,livello,Eurostat namq_10_a10 D1 / namq_10_a10_e SAL_DC
FR,compensation_per_employee,Q,2008Q3,10143.990468792137,livello,Eurostat namq_10_a10 D1 / namq_10_a10_e SAL_DC
FR,compensation_per_employee,Q,2008Q4,10154.100465026158,livello,Eurostat namq_10_a10 D1 / namq_10_a10_e SAL_DC
FR,compensation_per_employee,Q,2009Q1,10174.885253618924,livello,Eurostat namq_10_a10 D1 / namq_10_a10_e SAL_DC
FR,compensation_per_employee,Q,2009Q2,10210.345221205747,livello,Eurostat namq_10_a10 D1 / namq_10_a10_e SAL_DC
FR,compensation_per_employee,Q,2009Q3,10282.715539958082,livello,Eurostat namq_10_a10 D1 / namq_10_a10_e SAL_DC
FR,compensation_per_employee,Q,2009Q4,10371.755887425717,livello,Eurostat namq_10_a10 D1 / namq_10_a10_e SAL_DC
FR,compensation_per_employee,Q,2010Q1,10446.517387519567,livello,Eurostat namq_10_a10 D1 / namq_10_a10_e SAL_DC
FR,compensation_per_employee,Q,2010Q2,10516.721424018046,livello,Eurostat namq_10_a10 D1 / namq_10_a10_e SAL_DC
FR,compensation_per_employee,Q,2010Q3,10574.352379202646,livello,Eurostat namq_10_a10 D1 / namq_10_a10_e SAL_DC
FR,compensation_per_employee,Q,2010Q4,10632.618109754607,livello,Eurostat namq_10_a10 D1 / namq_10_a10_e SAL_DC
FR,compensation_per_employee,Q,2011Q1,10739.330162246693,livello,Eurostat namq_10_a10 D1 / namq_10_a10_e SAL_DC
FR,compensation_per_employee,Q,2011Q2,10786.302205060461,livello,Eurostat namq_10_a10 D1 / namq_10_a10_e SAL_DC
FR,compensation_per_employee,Q,2011Q3,10828.789269727275,livello,Eurostat namq_10_a10 D1 / namq_10_a10_e SAL_DC
FR,compensation_per_employee,Q,2011Q4,10912.026866241365,livello,Eurostat namq_10_a10 D1 / namq_10_a10_e SAL_DC
FR,compensation_per_employee,Q,2012Q1,10972.779561534182,livello,Eurostat namq_10_a10 D1 / namq_10_a10_e SAL_DC
FR,compensation_per_employee,Q,2012Q2,11024.575851342901,livello,Eurostat namq_10_a10 D1 / namq_10_a10_e SAL_DC
FR,compensation_per_employee,Q,2012Q3,11087.368934406242,livello,Eurostat namq_10_a10 D1 / namq_10_a10_e SAL_DC
FR,compensation_per_employee,Q,2012Q4,11155.620933383792,livello,Eurostat namq_10_a10 D1 / namq_10_a10_e SAL_DC
FR,compensation_per_employee,Q,2013Q1,11191.023134571522,livello,Eurostat namq_10_a10 D1 / namq_10_a10_e SAL_DC
FR,compensation_per_employee,Q,2013Q2,11265.966943159352,livello,Eurostat namq_10_a10 D1 / namq_10_a10_e SAL_DC
FR,compensation_per_employee,Q,2013Q3,11323.712894484854,livello,Eurostat namq_10_a10 D1 / namq_10_a10_e SAL_DC
FR,compensation_per_employee,Q,2013Q4,11334.417220804138,livello,Eurostat namq_10_a10 D1 / namq_10_a10_e SAL_DC
FR,compensation_per_employee,Q,2014Q1,11365.3069753665,livello,Eurostat namq_10_a10 D1 / namq_10_a10_e SAL_DC
FR,compensation_per_employee,Q,2014Q2,11406.22756822302,livello,Eurostat namq_10_a10 D1 / namq_10_a10_e SAL_DC
FR,compensation_per_employee,Q,2014Q3,11452.526498111769,livello,Eurostat namq_10_a10 D1 / namq_10_a10_e SAL_DC
FR,compensation_per_employee,Q,2014Q4,11484.350855562268,livello,Eurostat namq_10_a10 D1 / namq_10_a10_e SAL_DC
FR,compensation_per_employee,Q,2015Q1,11506.587535167304,livello,Eurostat namq_10_a10 D1 / namq_10_a10_e SAL_DC
FR,compensation_per_employee,Q,2015Q2,11546.814447058634,livello,Eurostat namq_10_a10 D1 / namq_10_a10_e SAL_DC
FR,compensation_per_employee,Q,2015Q3,11574.04293843766,livello,Eurostat namq_10_a10 D1 / namq_10_a10_e SAL_DC
FR,compensation_per_employee,Q,2015Q4,11612.234602827406,livello,Eurostat namq_10_a10 D1 / namq_10_a10_e SAL_DC
FR,compensation_per_employee,Q,2016Q1,11658.808743081347,livello,Eurostat namq_10_a10 D1 / namq_10_a10_e SAL_DC
FR,compensation_per_employee,Q,2016Q2,11646.863306981548,livello,Eurostat namq_10_a10 D1 / namq_10_a10_e SAL_DC
FR,compensation_per_employee,Q,2016Q3,11693.467155478094,livello,Eurostat namq_10_a10 D1 / namq_10_a10_e SAL_DC
FR,compensation_per_employee,Q,2016Q4,11749.433364912997,livello,Eurostat namq_10_a10 D1 / namq_10_a10_e SAL_DC
FR,compensation_per_employee,Q,2017Q1,11843.953030460052,livello,Eurostat namq_10_a10 D1 / namq_10_a10_e SAL_DC
FR,compensation_per_employee,Q,2017Q2,11878.03107246009,livello,Eurostat namq_10_a10 D1 / namq_10_a10_e SAL_DC
FR,compensation_per_employee,Q,2017Q3,11930.421153868987,livello,Eurostat namq_10_a10 D1 / namq_10_a10_e SAL_DC
FR,compensation_per_employee,Q,2017Q4,12011.082465068717,livello,Eurostat namq_10_a10 D1 / namq_10_a10_e SAL_DC
FR,compensation_per_employee,Q,2018Q1,11994.71500756965,livello,Eurostat namq_10_a10 D1 / namq_10_a10_e SAL_DC
FR,compensation_per_employee,Q,2018Q2,12059.783377055875,livello,Eurostat namq_10_a10 D1 / namq_10_a10_e SAL_DC
FR,compensation_per_employee,Q,2018Q3,12136.427185686121,livello,Eurostat namq_10_a10 D1 / namq_10_a10_e SAL_DC
FR,compensation_per_employee,Q,2018Q4,12193.426147129087,livello,Eurostat namq_10_a10 D1 / namq_10_a10_e SAL_DC
FR,compensation_per_employee,Q,2019Q1,12070.192784927369,livello,Eurostat namq_10_a10 D1 / namq_10_a10_e SAL_DC
FR,compensation_per_employee,Q,2019Q2,12062.23276244772,livello,Eurostat namq_10_a10 D1 / namq_10_a10_e SAL_DC
FR,compensation_per_employee,Q,2019Q3,12121.8210373273,livello,Eurostat namq_10_a10 D1 / namq_10_a10_e SAL_DC
FR,compensation_per_employee,Q,2019Q4,12105.13761752087,livello,Eurostat namq_10_a10 D1 / namq_10_a10_e SAL_DC
FR,compensation_per_employee,Q,2020Q1,11768.289047285343,livello,Eurostat namq_10_a10 D1 / namq_10_a10_e SAL_DC
FR,compensation_per_employee,Q,2020Q2,10887.593711636333,livello,Eurostat namq_10_a10 D1 / namq_10_a10_e SAL_DC
FR,compensation_per_employee,Q,2020Q3,12055.634490026932,livello,Eurostat namq_10_a10 D1 / namq_10_a10_e SAL_DC
FR,compensation_per_employee,Q,2020Q4,11934.764506996433,livello,Eurostat namq_10_a10 D1 / namq_10_a10_e SAL_DC
FR,compensation_per_employee,Q,2021Q1,11952.705361344928,livello,Eurostat namq_10_a10 D1 / namq_10_a10_e SAL_DC
FR,compensation_per_employee,Q,2021Q2,12097.862702491406,livello,Eurostat namq_10_a10 D1 / namq_10_a10_e SAL_DC
FR,compensation_per_employee,Q,2021Q3,12416.722243273965,livello,Eurostat namq_10_a10 D1 / namq_10_a10_e SAL_DC
FR,compensation_per_employee,Q,2021Q4,12504.796009719914,livello,Eurostat namq_10_a10 D1 / namq_10_a10_e SAL_DC
FR,compensation_per_employee,Q,2022Q1,12592.041570421507,livello,Eurostat namq_10_a10 D1 / namq_10_a10_e SAL_DC
FR,compensation_per_employee,Q,2022Q2,12710.459126539756,livello,Eurostat namq_10_a10 D1 / namq_10_a10_e SAL_DC
FR,compensation_per_employee,Q,2022Q3,12970.572556504494,livello,Eurostat namq_10_a10 D1 / namq_10_a10_e SAL_DC
FR,compensation_per_employee,Q,2022Q4,13140.641434958912,livello,Eurostat namq_10_a10 D1 / namq_10_a10_e SAL_DC
FR,compensation_per_employee,Q,2023Q1,13259.676284306826,livello,Eurostat namq_10_a10 D1 / namq_10_a10_e SAL_DC
FR,compensation_per_employee,Q,2023Q2,13352.207094946865,livello,Eurostat namq_10_a10 D1 / namq_10_a10_e SAL_DC
FR,compensation_per_employee,Q,2023Q3,13482.975327525437,livello,Eurostat namq_10_a10 D1 / namq_10_a10_e SAL_DC
FR,compensation_per_employee,Q,2023Q4,13635.141266696915,livello,Eurostat namq_10_a10 D1 / namq_10_a10_e SAL_DC
FR,compensation_per_employee,Q,2024Q1,13719.112953398395,livello,Eurostat namq_10_a10 D1 / namq_10_a10_e SAL_DC
FR,compensation_per_employee,Q,2024Q2,13815.06020328957,livello,Eurostat namq_10_a10 D1 / namq_10_a10_e SAL_DC
FR,compensation_per_employee,Q,2024Q3,13895.264220392644,livello,Eurostat namq_10_a10 D1 / namq_10_a10_e SAL_DC
FR,compensation_per_employee,Q,2024Q4,13958.10449413816,livello,Eurostat namq_10_a10 D1 / namq_10_a10_e SAL_DC
FR,compensation_per_employee,Q,2025Q1,14052.21170490958,livello,Eurostat namq_10_a10 D1 / namq_10_a10_e SAL_DC
FR,compensation_per_employee,Q,2025Q2,14125.013349045314,livello,Eurostat namq_10_a10 D1 / namq_10_a10_e SAL_DC
FR,compensation_per_employee,Q,2025Q3,14185.571383255752,livello,Eurostat namq_10_a10 D1 / namq_10_a10_e SAL_DC
FR,compensation_per_employee,Q,2025Q4,14254.506763833773,livello,Eurostat namq_10_a10 D1 / namq_10_a10_e SAL_DC
FR,compensation_per_employee,Q,2026Q1,14365.167336208424,livello,Eurostat namq_10_a10 D1 / namq_10_a10_e SAL_DC
FR,compensation_per_employee,Q,2026Q2,14431.894510106738,livello,Eurostat namq_10_a10 D1 / namq_10_a10_e SAL_DC
FR,insee_salaire_mensuel_base,Q,2017Q2,100.0,livello,INSEE 010562695
FR,insee_salaire_mensuel_base,Q,2017Q3,100.3,livello,INSEE 010562695
FR,insee_salaire_mensuel_base,Q,2017Q4,100.4,livello,INSEE 010562695
FR,insee_salaire_mensuel_base,Q,2018Q1,101.1,livello,INSEE 010562695
FR,insee_salaire_mensuel_base,Q,2018Q2,101.5,livello,INSEE 010562695
FR,insee_salaire_mensuel_base,Q,2018Q3,101.8,livello,INSEE 010562695
FR,insee_salaire_mensuel_base,Q,2018Q4,102.0,livello,INSEE 010562695
FR,insee_salaire_mensuel_base,Q,2019Q1,102.8,livello,INSEE 010562695
FR,insee_salaire_mensuel_base,Q,2019Q2,103.3,livello,INSEE 010562695
FR,insee_salaire_mensuel_base,Q,2019Q3,103.6,livello,INSEE 010562695
FR,insee_salaire_mensuel_base,Q,2019Q4,103.8,livello,INSEE 010562695
FR,insee_salaire_mensuel_base,Q,2020Q2,104.8,livello,INSEE 010562695
FR,insee_salaire_mensuel_base,Q,2020Q3,105.1,livello,INSEE 010562695
FR,insee_salaire_mensuel_base,Q,2020Q4,105.4,livello,INSEE 010562695
FR,insee_salaire_mensuel_base,Q,2021Q1,106.0,livello,INSEE 010562695
FR,insee_salaire_mensuel_base,Q,2021Q2,106.3,livello,INSEE 010562695
FR,insee_salaire_mensuel_base,Q,2021Q3,106.6,livello,INSEE 010562695
FR,insee_salaire_mensuel_base,Q,2021Q4,107.2,livello,INSEE 010562695
FR,insee_salaire_mensuel_base,Q,2022Q1,108.4,livello,INSEE 010562695
FR,insee_salaire_mensuel_base,Q,2022Q2,109.6,livello,INSEE 010562695
FR,insee_salaire_mensuel_base,Q,2022Q3,110.6,livello,INSEE 010562695
FR,insee_salaire_mensuel_base,Q,2022Q4,111.4,livello,INSEE 010562695
FR,insee_salaire_mensuel_base,Q,2023Q1,113.5,livello,INSEE 010562695
FR,insee_salaire_mensuel_base,Q,2023Q2,114.6,livello,INSEE 010562695
FR,insee_salaire_mensuel_base,Q,2023Q3,115.3,livello,INSEE 010562695
FR,insee_salaire_mensuel_base,Q,2023Q4,115.7,livello,INSEE 010562695
FR,insee_salaire_mensuel_base,Q,2024Q1,117.3,livello,INSEE 010562695
FR,insee_salaire_mensuel_base,Q,2024Q2,118.0,livello,INSEE 010562695
FR,insee_salaire_mensuel_base,Q,2024Q3,118.4,livello,INSEE 010562695
FR,insee_salaire_mensuel_base,Q,2024Q4,118.9,livello,INSEE 010562695
FR,insee_salaire_mensuel_base,Q,2025Q1,119.8,livello,INSEE 010562695
FR,insee_salaire_mensuel_base,Q,2025Q2,120.4,livello,INSEE 010562695
FR,insee_salaire_mensuel_base,Q,2025Q3,120.7,livello,INSEE 010562695
FR,insee_salaire_mensuel_base,Q,2025Q4,121.0,livello,INSEE 010562695
FR,insee_salaire_mensuel_base,Q,2026Q1,121.9,livello,INSEE 010562695
FR,insee_salaire_mensuel_base,Q,2026Q2,122.8,livello,INSEE 010562695
IT,compensation_per_employee,Q,2000Q1,6976.390258423412,livello,Eurostat namq_10_a10 D1 / namq_10_a10_e SAL_DC
IT,compensation_per_employee,Q,2000Q2,6993.676035502958,livello,Eurostat namq_10_a10 D1 / namq_10_a10_e SAL_DC
IT,compensation_per_employee,Q,2000Q3,7052.1936923680605,livello,Eurostat namq_10_a10 D1 / namq_10_a10_e SAL_DC
IT,compensation_per_employee,Q,2000Q4,7073.970168509582,livello,Eurostat namq_10_a10 D1 / namq_10_a10_e SAL_DC
IT,compensation_per_employee,Q,2001Q1,7138.312870999558,livello,Eurostat namq_10_a10 D1 / namq_10_a10_e SAL_DC
IT,compensation_per_employee,Q,2001Q2,7205.706032367621,livello,Eurostat namq_10_a10 D1 / namq_10_a10_e SAL_DC
IT,compensation_per_employee,Q,2001Q3,7280.913350349306,livello,Eurostat namq_10_a10 D1 / namq_10_a10_e SAL_DC
IT,compensation_per_employee,Q,2001Q4,7309.322564674584,livello,Eurostat namq_10_a10 D1 / namq_10_a10_e SAL_DC
IT,compensation_per_employee,Q,2002Q1,7311.11843887273,livello,Eurostat namq_10_a10 D1 / namq_10_a10_e SAL_DC
IT,compensation_per_employee,Q,2002Q2,7375.85436188971,livello,Eurostat namq_10_a10 D1 / namq_10_a10_e SAL_DC
IT,compensation_per_employee,Q,2002Q3,7409.957192282883,livello,Eurostat namq_10_a10 D1 / namq_10_a10_e SAL_DC
IT,compensation_per_employee,Q,2002Q4,7464.966294102197,livello,Eurostat namq_10_a10 D1 / namq_10_a10_e SAL_DC
IT,compensation_per_employee,Q,2003Q1,7494.597258101197,livello,Eurostat namq_10_a10 D1 / namq_10_a10_e SAL_DC
IT,compensation_per_employee,Q,2003Q2,7548.708087413337,livello,Eurostat namq_10_a10 D1 / namq_10_a10_e SAL_DC
IT,compensation_per_employee,Q,2003Q3,7754.515827063759,livello,Eurostat namq_10_a10 D1 / namq_10_a10_e SAL_DC
IT,compensation_per_employee,Q,2003Q4,7585.414470311033,livello,Eurostat namq_10_a10 D1 / namq_10_a10_e SAL_DC
IT,compensation_per_employee,Q,2004Q1,7724.682296739483,livello,Eurostat namq_10_a10 D1 / namq_10_a10_e SAL_DC
IT,compensation_per_employee,Q,2004Q2,7884.628081941863,livello,Eurostat namq_10_a10 D1 / namq_10_a10_e SAL_DC
IT,compensation_per_employee,Q,2004Q3,7850.689573555475,livello,Eurostat namq_10_a10 D1 / namq_10_a10_e SAL_DC
IT,compensation_per_employee,Q,2004Q4,7917.0742104020155,livello,Eurostat namq_10_a10 D1 / namq_10_a10_e SAL_DC
IT,compensation_per_employee,Q,2005Q1,7923.578432211364,livello,Eurostat namq_10_a10 D1 / namq_10_a10_e SAL_DC
IT,compensation_per_employee,Q,2005Q2,7960.278606965174,livello,Eurostat namq_10_a10 D1 / namq_10_a10_e SAL_DC
IT,compensation_per_employee,Q,2005Q3,8020.897171562988,livello,Eurostat namq_10_a10 D1 / namq_10_a10_e SAL_DC
IT,compensation_per_employee,Q,2005Q4,8322.562582717781,livello,Eurostat namq_10_a10 D1 / namq_10_a10_e SAL_DC
IT,compensation_per_employee,Q,2006Q1,8151.457853162972,livello,Eurostat namq_10_a10 D1 / namq_10_a10_e SAL_DC
IT,compensation_per_employee,Q,2006Q2,8203.918328416476,livello,Eurostat namq_10_a10 D1 / namq_10_a10_e SAL_DC
IT,compensation_per_employee,Q,2006Q3,8318.51261590585,livello,Eurostat namq_10_a10 D1 / namq_10_a10_e SAL_DC
IT,compensation_per_employee,Q,2006Q4,8294.815643324235,livello,Eurostat namq_10_a10 D1 / namq_10_a10_e SAL_DC
IT,compensation_per_employee,Q,2007Q1,8332.711950407023,livello,Eurostat namq_10_a10 D1 / namq_10_a10_e SAL_DC
IT,compensation_per_employee,Q,2007Q2,8354.919565825485,livello,Eurostat namq_10_a10 D1 / namq_10_a10_e SAL_DC
IT,compensation_per_employee,Q,2007Q3,8413.147338408244,livello,Eurostat namq_10_a10 D1 / namq_10_a10_e SAL_DC
IT,compensation_per_employee,Q,2007Q4,8555.375255751354,livello,Eurostat namq_10_a10 D1 / namq_10_a10_e SAL_DC
IT,compensation_per_employee,Q,2008Q1,8665.7858462142,livello,Eurostat namq_10_a10 D1 / namq_10_a10_e SAL_DC
IT,compensation_per_employee,Q,2008Q2,8576.48086554061,livello,Eurostat namq_10_a10 D1 / namq_10_a10_e SAL_DC
IT,compensation_per_employee,Q,2008Q3,8679.810102256795,livello,Eurostat namq_10_a10 D1 / namq_10_a10_e SAL_DC
IT,compensation_per_employee,Q,2008Q4,8682.312535775616,livello,Eurostat namq_10_a10 D1 / namq_10_a10_e SAL_DC
IT,compensation_per_employee,Q,2009Q1,8638.514215702364,livello,Eurostat namq_10_a10 D1 / namq_10_a10_e SAL_DC
IT,compensation_per_employee,Q,2009Q2,8653.955759870796,livello,Eurostat namq_10_a10 D1 / namq_10_a10_e SAL_DC
IT,compensation_per_employee,Q,2009Q3,8697.359304026484,livello,Eurostat namq_10_a10 D1 / namq_10_a10_e SAL_DC
IT,compensation_per_employee,Q,2009Q4,8766.886130718161,livello,Eurostat namq_10_a10 D1 / namq_10_a10_e SAL_DC
IT,compensation_per_employee,Q,2010Q1,8739.888385456956,livello,Eurostat namq_10_a10 D1 / namq_10_a10_e SAL_DC
IT,compensation_per_employee,Q,2010Q2,8958.940774805684,livello,Eurostat namq_10_a10 D1 / namq_10_a10_e SAL_DC
IT,compensation_per_employee,Q,2010Q3,8950.824890815062,livello,Eurostat namq_10_a10 D1 / namq_10_a10_e SAL_DC
IT,compensation_per_employee,Q,2010Q4,8907.703130106294,livello,Eurostat namq_10_a10 D1 / namq_10_a10_e SAL_DC
IT,compensation_per_employee,Q,2011Q1,8982.777358825355,livello,Eurostat namq_10_a10 D1 / namq_10_a10_e SAL_DC
IT,compensation_per_employee,Q,2011Q2,9040.425437526339,livello,Eurostat namq_10_a10 D1 / namq_10_a10_e SAL_DC
IT,compensation_per_employee,Q,2011Q3,8974.38777429814,livello,Eurostat namq_10_a10 D1 / namq_10_a10_e SAL_DC
IT,compensation_per_employee,Q,2011Q4,8967.872130748192,livello,Eurostat namq_10_a10 D1 / namq_10_a10_e SAL_DC
IT,compensation_per_employee,Q,2012Q1,8936.807138380998,livello,Eurostat namq_10_a10 D1 / namq_10_a10_e SAL_DC
IT,compensation_per_employee,Q,2012Q2,8852.332106538066,livello,Eurostat namq_10_a10 D1 / namq_10_a10_e SAL_DC
IT,compensation_per_employee,Q,2012Q3,8859.939642068592,livello,Eurostat namq_10_a10 D1 / namq_10_a10_e SAL_DC
IT,compensation_per_employee,Q,2012Q4,8849.484226004814,livello,Eurostat namq_10_a10 D1 / namq_10_a10_e SAL_DC
IT,compensation_per_employee,Q,2013Q1,8898.772679061467,livello,Eurostat namq_10_a10 D1 / namq_10_a10_e SAL_DC
IT,compensation_per_employee,Q,2013Q2,8915.649885312698,livello,Eurostat namq_10_a10 D1 / namq_10_a10_e SAL_DC
IT,compensation_per_employee,Q,2013Q3,8965.326101111445,livello,Eurostat namq_10_a10 D1 / namq_10_a10_e SAL_DC
IT,compensation_per_employee,Q,2013Q4,9006.528280716071,livello,Eurostat namq_10_a10 D1 / namq_10_a10_e SAL_DC
IT,compensation_per_employee,Q,2014Q1,8955.93684412991,livello,Eurostat namq_10_a10 D1 / namq_10_a10_e SAL_DC
IT,compensation_per_employee,Q,2014Q2,8961.756070016942,livello,Eurostat namq_10_a10 D1 / namq_10_a10_e SAL_DC
IT,compensation_per_employee,Q,2014Q3,8966.428221680671,livello,Eurostat namq_10_a10 D1 / namq_10_a10_e SAL_DC
IT,compensation_per_employee,Q,2014Q4,9014.8798620231,livello,Eurostat namq_10_a10 D1 / namq_10_a10_e SAL_DC
IT,compensation_per_employee,Q,2015Q1,9043.835338650804,livello,Eurostat namq_10_a10 D1 / namq_10_a10_e SAL_DC
IT,compensation_per_employee,Q,2015Q2,9077.796741485981,livello,Eurostat namq_10_a10 D1 / namq_10_a10_e SAL_DC
IT,compensation_per_employee,Q,2015Q3,9056.669301067486,livello,Eurostat namq_10_a10 D1 / namq_10_a10_e SAL_DC
IT,compensation_per_employee,Q,2015Q4,9060.179455445545,livello,Eurostat namq_10_a10 D1 / namq_10_a10_e SAL_DC
IT,compensation_per_employee,Q,2016Q1,9083.1839033674,livello,Eurostat namq_10_a10 D1 / namq_10_a10_e SAL_DC
IT,compensation_per_employee,Q,2016Q2,9075.618517747816,livello,Eurostat namq_10_a10 D1 / namq_10_a10_e SAL_DC
IT,compensation_per_employee,Q,2016Q3,9093.85254628745,livello,Eurostat namq_10_a10 D1 / namq_10_a10_e SAL_DC
IT,compensation_per_employee,Q,2016Q4,9125.20221925453,livello,Eurostat namq_10_a10 D1 / namq_10_a10_e SAL_DC
IT,compensation_per_employee,Q,2017Q1,9131.97679125624,livello,Eurostat namq_10_a10 D1 / namq_10_a10_e SAL_DC
IT,compensation_per_employee,Q,2017Q2,9092.2909589687,livello,Eurostat namq_10_a10 D1 / namq_10_a10_e SAL_DC
IT,compensation_per_employee,Q,2017Q3,9136.28960143076,livello,Eurostat namq_10_a10 D1 / namq_10_a10_e SAL_DC
IT,compensation_per_employee,Q,2017Q4,9219.19795221843,livello,Eurostat namq_10_a10 D1 / namq_10_a10_e SAL_DC
IT,compensation_per_employee,Q,2018Q1,9188.590220188735,livello,Eurostat namq_10_a10 D1 / namq_10_a10_e SAL_DC
IT,compensation_per_employee,Q,2018Q2,9238.942897295135,livello,Eurostat namq_10_a10 D1 / namq_10_a10_e SAL_DC
IT,compensation_per_employee,Q,2018Q3,9329.181306912307,livello,Eurostat namq_10_a10 D1 / namq_10_a10_e SAL_DC
IT,compensation_per_employee,Q,2018Q4,9374.487485950387,livello,Eurostat namq_10_a10 D1 / namq_10_a10_e SAL_DC
IT,compensation_per_employee,Q,2019Q1,9405.022384765749,livello,Eurostat namq_10_a10 D1 / namq_10_a10_e SAL_DC
IT,compensation_per_employee,Q,2019Q2,9357.956236392398,livello,Eurostat namq_10_a10 D1 / namq_10_a10_e SAL_DC
IT,compensation_per_employee,Q,2019Q3,9384.54875153286,livello,Eurostat namq_10_a10 D1 / namq_10_a10_e SAL_DC
IT,compensation_per_employee,Q,2019Q4,9461.254998848432,livello,Eurostat namq_10_a10 D1 / namq_10_a10_e SAL_DC
IT,compensation_per_employee,Q,2020Q1,9135.202047752926,livello,Eurostat namq_10_a10 D1 / namq_10_a10_e SAL_DC
IT,compensation_per_employee,Q,2020Q2,8413.253715843448,livello,Eurostat namq_10_a10 D1 / namq_10_a10_e SAL_DC
IT,compensation_per_employee,Q,2020Q3,9278.464725416707,livello,Eurostat namq_10_a10 D1 / namq_10_a10_e SAL_DC
IT,compensation_per_employee,Q,2020Q4,9240.38466644364,livello,Eurostat namq_10_a10 D1 / namq_10_a10_e SAL_DC
IT,compensation_per_employee,Q,2021Q1,9417.00063165829,livello,Eurostat namq_10_a10 D1 / namq_10_a10_e SAL_DC
IT,compensation_per_employee,Q,2021Q2,9514.118245884692,livello,Eurostat namq_10_a10 D1 / namq_10_a10_e SAL_DC
IT,compensation_per_employee,Q,2021Q3,9747.907289564902,livello,Eurostat namq_10_a10 D1 / namq_10_a10_e SAL_DC
IT,compensation_per_employee,Q,2021Q4,9829.6233186172,livello,Eurostat namq_10_a10 D1 / namq_10_a10_e SAL_DC
IT,compensation_per_employee,Q,2022Q1,9927.513921748921,livello,Eurostat namq_10_a10 D1 / namq_10_a10_e SAL_DC
IT,compensation_per_employee,Q,2022Q2,9960.336770948923,livello,Eurostat namq_10_a10 D1 / namq_10_a10_e SAL_DC
IT,compensation_per_employee,Q,2022Q3,10056.253703590186,livello,Eurostat namq_10_a10 D1 / namq_10_a10_e SAL_DC
IT,compensation_per_employee,Q,2022Q4,10048.891111212128,livello,Eurostat namq_10_a10 D1 / namq_10_a10_e SAL_DC
IT,compensation_per_employee,Q,2023Q1,10185.89434810533,livello,Eurostat namq_10_a10 D1 / namq_10_a10_e SAL_DC
IT,compensation_per_employee,Q,2023Q2,10231.686558795256,livello,Eurostat namq_10_a10 D1 / namq_10_a10_e SAL_DC
IT,compensation_per_employee,Q,2023Q3,10318.14573900368,livello,Eurostat namq_10_a10 D1 / namq_10_a10_e SAL_DC
IT,compensation_per_employee,Q,2023Q4,10367.680205173732,livello,Eurostat namq_10_a10 D1 / namq_10_a10_e SAL_DC
IT,compensation_per_employee,Q,2024Q1,10473.749760018904,livello,Eurostat namq_10_a10 D1 / namq_10_a10_e SAL_DC
IT,compensation_per_employee,Q,2024Q2,10560.202336151702,livello,Eurostat namq_10_a10 D1 / namq_10_a10_e SAL_DC
IT,compensation_per_employee,Q,2024Q3,10634.790895785825,livello,Eurostat namq_10_a10 D1 / namq_10_a10_e SAL_DC
IT,compensation_per_employee,Q,2024Q4,10726.03246093161,livello,Eurostat namq_10_a10 D1 / namq_10_a10_e SAL_DC
IT,compensation_per_employee,Q,2025Q1,10757.093174902187,livello,Eurostat namq_10_a10 D1 / namq_10_a10_e SAL_DC
IT,compensation_per_employee,Q,2025Q2,10919.39385108553,livello,Eurostat namq_10_a10 D1 / namq_10_a10_e SAL_DC
IT,compensation_per_employee,Q,2025Q3,10996.588868940755,livello,Eurostat namq_10_a10 D1 / namq_10_a10_e SAL_DC
IT,compensation_per_employee,Q,2025Q4,11028.267697511475,livello,Eurostat namq_10_a10 D1 / namq_10_a10_e SAL_DC
IT,compensation_per_employee,Q,2026Q1,11099.287021871087,livello,Eurostat namq_10_a10 D1 / namq_10_a10_e SAL_DC
IT,compensation_per_employee,Q,2026Q2,11143.069242707437,livello,Eurostat namq_10_a10 D1 / namq_10_a10_e SAL_DC
